{
    "version": "0.4",
    "title": "Contact",
    "type": "page",
    "metadata": {
        "template_type": "single-page",
        "include_in_zip": "1",
        "elementor_pro_required": "1",
        "wp_page_template": "elementor_header_footer"
    },
    "content": [
        {
            "id": "2d479bba",
            "settings": {
                "layout": "full_width",
                "background_background": "classic",
                "background_image": {
                    "url": "https:\/\/show.moxcreative.com\/techit\/wp-content\/uploads\/sites\/19\/2021\/11\/team-of-customer-service-agents-with-headsets-working-at-computers-in-office-empty-space.jpg",
                    "id": 959,
                    "alt": "Team of customer service agents with headsets working at computers in office, empty space",
                    "source": "library"
                },
                "background_position": "center center",
                "background_repeat": "no-repeat",
                "background_size": "cover",
                "margin": {
                    "unit": "em",
                    "top": "0",
                    "right": 0,
                    "bottom": "0",
                    "left": 0,
                    "isLinked": false
                },
                "padding": {
                    "unit": "em",
                    "top": "7",
                    "right": "5",
                    "bottom": "5",
                    "left": "5",
                    "isLinked": false
                },
                "background_overlay_background": "classic",
                "background_overlay_opacity": {
                    "unit": "px",
                    "size": 0.6999999999999999555910790149937383830547332763671875,
                    "sizes": []
                },
                "__globals__": {
                    "background_overlay_color": "globals\/colors?id=e356216"
                },
                "padding_tablet": {
                    "unit": "em",
                    "top": "5",
                    "right": "3",
                    "bottom": "3",
                    "left": "3",
                    "isLinked": false
                },
                "background_ypos": {
                    "unit": "px",
                    "size": -180,
                    "sizes": []
                },
                "pa_condition_repeater": [
                    {
                        "_id": "fcb3f8f"
                    }
                ]
            },
            "elements": [
                {
                    "id": "7fa121f6",
                    "settings": {
                        "_column_size": 100,
                        "_inline_size": 100,
                        "align": "center",
                        "pa_condition_repeater": [
                            {
                                "_id": "beec54a"
                            }
                        ]
                    },
                    "elements": [
                        {
                            "id": "1cf0abf1",
                            "settings": {
                                "title": "Reach Us",
                                "align": "center",
                                "__globals__": {
                                    "title_color": "globals\/colors?id=a291686",
                                    "typography_typography": ""
                                },
                                "title_color": "#FFFFFF",
                                "typography_typography": "custom",
                                "typography_font_family": "Ubuntu",
                                "typography_font_size": {
                                    "unit": "px",
                                    "size": 72,
                                    "sizes": []
                                },
                                "typography_font_size_tablet": {
                                    "unit": "px",
                                    "size": 55,
                                    "sizes": []
                                },
                                "typography_font_size_mobile": {
                                    "unit": "px",
                                    "size": 45,
                                    "sizes": []
                                },
                                "typography_font_weight": "700",
                                "typography_line_height": {
                                    "unit": "em",
                                    "size": 1,
                                    "sizes": []
                                },
                                "typography_letter_spacing": {
                                    "unit": "px",
                                    "size": -2,
                                    "sizes": []
                                },
                                "_element_custom_width_tablet": {
                                    "unit": "px",
                                    "size": 500,
                                    "sizes": []
                                },
                                "_animation": "fadeIn",
                                "animation_duration": "slow",
                                "pa_condition_repeater": [
                                    {
                                        "_id": "d003bbe"
                                    }
                                ]
                            },
                            "elements": [],
                            "isInner": false,
                            "widgetType": "heading",
                            "elType": "widget"
                        },
                        {
                            "id": "4dbe79f4",
                            "settings": {
                                "align": "center",
                                "_element_width": "initial",
                                "_element_custom_width": {
                                    "unit": "px",
                                    "size": 500,
                                    "sizes": []
                                },
                                "_element_vertical_align": "center",
                                "text_color": "#BBBBBB",
                                "typography_typography": "custom",
                                "typography_font_family": "Ubuntu",
                                "typography_font_size": {
                                    "unit": "px",
                                    "size": 16,
                                    "sizes": []
                                },
                                "typography_font_size_tablet": {
                                    "unit": "px",
                                    "size": 15,
                                    "sizes": []
                                },
                                "typography_font_size_mobile": {
                                    "unit": "px",
                                    "size": 14,
                                    "sizes": []
                                },
                                "typography_line_height": {
                                    "unit": "em",
                                    "size": 1.5,
                                    "sizes": []
                                },
                                "__globals__": {
                                    "text_color": "globals\/colors?id=91455cb",
                                    "typography_typography": ""
                                },
                                "_animation": "fadeInUp",
                                "animation_duration": "slow",
                                "_animation_delay": 360,
                                "pa_condition_repeater": [
                                    {
                                        "_id": "3f8b356"
                                    }
                                ]
                            },
                            "elements": [],
                            "isInner": false,
                            "widgetType": "text-editor",
                            "elType": "widget"
                        }
                    ],
                    "isInner": false,
                    "elType": "column"
                }
            ],
            "isInner": false,
            "elType": "section"
        },
        {
            "id": "bb4779",
            "settings": {
                "structure": "20",
                "layout": "full_width",
                "pa_condition_repeater": [
                    {
                        "_id": "caed514"
                    }
                ]
            },
            "elements": [
                {
                    "id": "7784ad8e",
                    "settings": {
                        "_column_size": 50,
                        "_inline_size": 50,
                        "padding": {
                            "unit": "em",
                            "top": "5",
                            "right": "5",
                            "bottom": "5",
                            "left": "5",
                            "isLinked": true
                        },
                        "_inline_size_tablet": 50,
                        "content_position": "space-around",
                        "space_between_widgets_tablet": 10,
                        "padding_tablet": {
                            "unit": "em",
                            "top": "3",
                            "right": "3",
                            "bottom": "3",
                            "left": "3",
                            "isLinked": true
                        },
                        "pa_condition_repeater": [
                            {
                                "_id": "e6c1a34"
                            }
                        ]
                    },
                    "elements": [
                        {
                            "id": "312172d1",
                            "settings": {
                                "icon_list": [
                                    {
                                        "text": "Phone",
                                        "selected_icon": {
                                            "value": "fas fa-phone-alt",
                                            "library": "fa-solid"
                                        },
                                        "_id": "9807457"
                                    }
                                ],
                                "icon_align": "left",
                                "icon_color": "#151515",
                                "icon_size": {
                                    "unit": "px",
                                    "size": 20,
                                    "sizes": []
                                },
                                "text_color": "#151515",
                                "icon_typography_typography": "custom",
                                "icon_typography_font_family": "Ubuntu",
                                "icon_typography_font_size": {
                                    "unit": "px",
                                    "size": 24,
                                    "sizes": []
                                },
                                "icon_typography_font_size_tablet": {
                                    "unit": "px",
                                    "size": 18,
                                    "sizes": []
                                },
                                "icon_typography_font_size_mobile": {
                                    "unit": "px",
                                    "size": 18,
                                    "sizes": []
                                },
                                "icon_typography_font_weight": "600",
                                "icon_typography_line_height": {
                                    "unit": "em",
                                    "size": 1.100000000000000088817841970012523233890533447265625,
                                    "sizes": []
                                },
                                "__globals__": {
                                    "text_color": "globals\/colors?id=21edf11",
                                    "icon_typography_typography": "globals\/typography?id=83682a1",
                                    "icon_color": "globals\/colors?id=21edf11",
                                    "text_color_hover": "",
                                    "icon_color_hover": ""
                                },
                                "pa_condition_repeater": [
                                    {
                                        "_id": "7b32947"
                                    }
                                ]
                            },
                            "elements": [],
                            "isInner": false,
                            "widgetType": "icon-list",
                            "elType": "widget"
                        },
                        {
                            "id": "630992ef",
                            "settings": {
                                "title": "+(62)21 2002-2012",
                                "header_size": "div",
                                "align": "left",
                                "__globals__": {
                                    "title_color": "globals\/colors?id=text",
                                    "typography_typography": "globals\/typography?id=83682a1"
                                },
                                "pa_condition_repeater": [
                                    {
                                        "_id": "c23ae88"
                                    }
                                ]
                            },
                            "elements": [],
                            "isInner": false,
                            "widgetType": "heading",
                            "elType": "widget"
                        },
                        {
                            "id": "40c068f2",
                            "settings": {
                                "align": "left",
                                "text": "Divider",
                                "color": "#BBBBBB",
                                "weight": {
                                    "unit": "px",
                                    "size": 2,
                                    "sizes": []
                                },
                                "__globals__": {
                                    "color": ""
                                },
                                "width": {
                                    "unit": "%",
                                    "size": 80,
                                    "sizes": []
                                },
                                "pa_condition_repeater": [
                                    {
                                        "_id": "c2c530f"
                                    }
                                ]
                            },
                            "elements": [],
                            "isInner": false,
                            "widgetType": "divider",
                            "elType": "widget"
                        },
                        {
                            "id": "51caf969",
                            "settings": {
                                "icon_list": [
                                    {
                                        "text": "Email",
                                        "selected_icon": {
                                            "value": "far fa-envelope",
                                            "library": "fa-regular"
                                        },
                                        "_id": "36310a8"
                                    }
                                ],
                                "icon_align": "left",
                                "icon_color": "#151515",
                                "icon_size": {
                                    "unit": "px",
                                    "size": 20,
                                    "sizes": []
                                },
                                "text_color": "#151515",
                                "icon_typography_typography": "custom",
                                "icon_typography_font_family": "Ubuntu",
                                "icon_typography_font_size": {
                                    "unit": "px",
                                    "size": 24,
                                    "sizes": []
                                },
                                "icon_typography_font_size_tablet": {
                                    "unit": "px",
                                    "size": 18,
                                    "sizes": []
                                },
                                "icon_typography_font_size_mobile": {
                                    "unit": "px",
                                    "size": 18,
                                    "sizes": []
                                },
                                "icon_typography_font_weight": "600",
                                "icon_typography_line_height": {
                                    "unit": "em",
                                    "size": 1.100000000000000088817841970012523233890533447265625,
                                    "sizes": []
                                },
                                "__globals__": {
                                    "text_color": "globals\/colors?id=21edf11",
                                    "icon_typography_typography": "globals\/typography?id=83682a1",
                                    "icon_color": "globals\/colors?id=21edf11",
                                    "text_color_hover": "",
                                    "icon_color_hover": ""
                                },
                                "pa_condition_repeater": [
                                    {
                                        "_id": "d33a65a"
                                    }
                                ]
                            },
                            "elements": [],
                            "isInner": false,
                            "widgetType": "icon-list",
                            "elType": "widget"
                        },
                        {
                            "id": "483331de",
                            "settings": {
                                "title": "support@yourdomain.tld",
                                "header_size": "div",
                                "align": "left",
                                "__globals__": {
                                    "title_color": "globals\/colors?id=text",
                                    "typography_typography": "globals\/typography?id=83682a1"
                                },
                                "pa_condition_repeater": [
                                    {
                                        "_id": "7f57dad"
                                    }
                                ]
                            },
                            "elements": [],
                            "isInner": false,
                            "widgetType": "heading",
                            "elType": "widget"
                        },
                        {
                            "id": "39129fcc",
                            "settings": {
                                "align": "left",
                                "text": "Divider",
                                "color": "#BBBBBB",
                                "weight": {
                                    "unit": "px",
                                    "size": 2,
                                    "sizes": []
                                },
                                "__globals__": {
                                    "color": ""
                                },
                                "width": {
                                    "unit": "%",
                                    "size": 80,
                                    "sizes": []
                                },
                                "pa_condition_repeater": [
                                    {
                                        "_id": "be2dfc2"
                                    }
                                ]
                            },
                            "elements": [],
                            "isInner": false,
                            "widgetType": "divider",
                            "elType": "widget"
                        },
                        {
                            "id": "a414670",
                            "settings": {
                                "icon_list": [
                                    {
                                        "text": "Address",
                                        "selected_icon": {
                                            "value": "fas fa-map-marked-alt",
                                            "library": "fa-solid"
                                        },
                                        "_id": "76f7e1b"
                                    }
                                ],
                                "icon_align": "left",
                                "icon_color": "#151515",
                                "icon_size": {
                                    "unit": "px",
                                    "size": 20,
                                    "sizes": []
                                },
                                "text_color": "#151515",
                                "icon_typography_typography": "custom",
                                "icon_typography_font_family": "Ubuntu",
                                "icon_typography_font_size": {
                                    "unit": "px",
                                    "size": 24,
                                    "sizes": []
                                },
                                "icon_typography_font_size_tablet": {
                                    "unit": "px",
                                    "size": 18,
                                    "sizes": []
                                },
                                "icon_typography_font_size_mobile": {
                                    "unit": "px",
                                    "size": 18,
                                    "sizes": []
                                },
                                "icon_typography_font_weight": "600",
                                "icon_typography_line_height": {
                                    "unit": "em",
                                    "size": 1.100000000000000088817841970012523233890533447265625,
                                    "sizes": []
                                },
                                "__globals__": {
                                    "text_color": "globals\/colors?id=21edf11",
                                    "icon_typography_typography": "globals\/typography?id=83682a1",
                                    "icon_color": "globals\/colors?id=21edf11",
                                    "text_color_hover": "",
                                    "icon_color_hover": ""
                                },
                                "pa_condition_repeater": [
                                    {
                                        "_id": "410eb10"
                                    }
                                ]
                            },
                            "elements": [],
                            "isInner": false,
                            "widgetType": "icon-list",
                            "elType": "widget"
                        },
                        {
                            "id": "4ccae778",
                            "settings": {
                                "title": "Jln Cempaka Wangi No 22, Jakarta - Indonesia",
                                "header_size": "div",
                                "align": "left",
                                "__globals__": {
                                    "title_color": "globals\/colors?id=text",
                                    "typography_typography": "globals\/typography?id=83682a1"
                                },
                                "pa_condition_repeater": [
                                    {
                                        "_id": "05e6aff"
                                    }
                                ]
                            },
                            "elements": [],
                            "isInner": false,
                            "widgetType": "heading",
                            "elType": "widget"
                        }
                    ],
                    "isInner": false,
                    "elType": "column"
                },
                {
                    "id": "5bda09a7",
                    "settings": {
                        "_column_size": 50,
                        "_inline_size": 50,
                        "padding": {
                            "unit": "em",
                            "top": "0",
                            "right": "0",
                            "bottom": "0",
                            "left": "0",
                            "isLinked": true
                        },
                        "pa_condition_repeater": [
                            {
                                "_id": "037e811"
                            }
                        ]
                    },
                    "elements": [
                        {
                            "id": "72f182fc",
                            "settings": {
                                "image": {
                                    "url": "https:\/\/show.moxcreative.com\/techit\/wp-content\/uploads\/sites\/19\/2021\/11\/office-building-2.jpg",
                                    "id": 442,
                                    "alt": "office building",
                                    "source": "library"
                                },
                                "image_size": "full",
                                "width": {
                                    "unit": "%",
                                    "size": 100,
                                    "sizes": []
                                },
                                "height": {
                                    "unit": "px",
                                    "size": 600,
                                    "sizes": []
                                },
                                "height_tablet": {
                                    "unit": "px",
                                    "size": 400,
                                    "sizes": []
                                },
                                "height_mobile": {
                                    "unit": "px",
                                    "size": 300,
                                    "sizes": []
                                },
                                "object-fit": "cover",
                                "css_filters_hue": {
                                    "unit": "px",
                                    "size": 150,
                                    "sizes": []
                                },
                                "background_hover_transition": {
                                    "unit": "px",
                                    "size": 2,
                                    "sizes": []
                                },
                                "_animation": "slideInRight",
                                "pa_condition_repeater": [
                                    {
                                        "_id": "6a620d1"
                                    }
                                ]
                            },
                            "elements": [],
                            "isInner": false,
                            "widgetType": "image",
                            "elType": "widget"
                        }
                    ],
                    "isInner": false,
                    "elType": "column"
                }
            ],
            "isInner": false,
            "elType": "section"
        },
        {
            "id": "71c83d4b",
            "settings": {
                "structure": "20",
                "layout": "full_width",
                "pa_condition_repeater": [
                    {
                        "_id": "96c9fca"
                    }
                ]
            },
            "elements": [
                {
                    "id": "1134dc33",
                    "settings": {
                        "_column_size": 50,
                        "_inline_size": 50,
                        "_inline_size_tablet": 100,
                        "padding": {
                            "unit": "em",
                            "top": "0",
                            "right": "0",
                            "bottom": "0",
                            "left": "0",
                            "isLinked": true
                        },
                        "pa_condition_repeater": [
                            {
                                "_id": "cf8887c"
                            }
                        ]
                    },
                    "elements": [
                        {
                            "id": "7fcba2fd",
                            "settings": {
                                "address": "London Eye, London, United Kingdom",
                                "height": {
                                    "unit": "px",
                                    "size": 650,
                                    "sizes": []
                                },
                                "height_tablet": {
                                    "unit": "px",
                                    "size": 350,
                                    "sizes": []
                                },
                                "height_mobile": {
                                    "unit": "px",
                                    "size": 300,
                                    "sizes": []
                                },
                                "css_filters_css_filter": "custom",
                                "css_filters_saturate": {
                                    "unit": "px",
                                    "size": 0,
                                    "sizes": []
                                },
                                "css_filters_hover_css_filter": "custom",
                                "hover_transition": {
                                    "unit": "px",
                                    "size": 2,
                                    "sizes": []
                                },
                                "_animation": "slideInLeft",
                                "pa_condition_repeater": [
                                    {
                                        "_id": "86faafc"
                                    }
                                ]
                            },
                            "elements": [],
                            "isInner": false,
                            "widgetType": "google_maps",
                            "elType": "widget"
                        }
                    ],
                    "isInner": false,
                    "elType": "column"
                },
                {
                    "id": "18c47cda",
                    "settings": {
                        "_column_size": 50,
                        "_inline_size": 50,
                        "padding": {
                            "unit": "em",
                            "top": "5",
                            "right": "5",
                            "bottom": "5",
                            "left": "5",
                            "isLinked": true
                        },
                        "_inline_size_tablet": 100,
                        "content_position": "space-around",
                        "padding_tablet": {
                            "unit": "em",
                            "top": "3",
                            "right": "3",
                            "bottom": "3",
                            "left": "3",
                            "isLinked": true
                        },
                        "pa_condition_repeater": [
                            {
                                "_id": "e73f903"
                            }
                        ]
                    },
                    "elements": [
                        {
                            "id": "3e58148d",
                            "settings": {
                                "title": "Drop us a message",
                                "header_size": "div",
                                "align": "left",
                                "__globals__": {
                                    "title_color": "globals\/colors?id=21edf11",
                                    "typography_typography": "globals\/typography?id=d3dae9a"
                                },
                                "pa_condition_repeater": [
                                    {
                                        "_id": "d96a392"
                                    }
                                ]
                            },
                            "elements": [],
                            "isInner": false,
                            "widgetType": "heading",
                            "elType": "widget"
                        },
                        {
                            "id": "71a8b9a4",
                            "settings": {
                                "form_name": "New Form",
                                "form_fields": [
                                    {
                                        "custom_id": "name",
                                        "field_label": "Your Name (required)",
                                        "_id": "18572cc"
                                    },
                                    {
                                        "custom_id": "email",
                                        "field_type": "email",
                                        "required": "true",
                                        "field_label": "Your Email (required)",
                                        "_id": "11c7615"
                                    },
                                    {
                                        "_id": "f6ba683",
                                        "field_label": "Subject",
                                        "custom_id": "field_f6ba683"
                                    },
                                    {
                                        "custom_id": "message",
                                        "field_type": "textarea",
                                        "field_label": "Message",
                                        "_id": "3a755c6"
                                    }
                                ],
                                "button_align": "start",
                                "step_next_label": "Next",
                                "step_previous_label": "",
                                "button_text": "Submit",
                                "email_content": "[all-fields]",
                                "email_content_2": "[all-fields]",
                                "success_message": "The form was sent successfully.",
                                "error_message": "An error occurred.",
                                "required_field_message": "This field is required.",
                                "invalid_message": "There's something wrong. The form is invalid.",
                                "row_gap": {
                                    "unit": "px",
                                    "size": 20,
                                    "sizes": []
                                },
                                "label_color": "#7A7A7A",
                                "label_typography_typography": "custom",
                                "label_typography_font_family": "Heebo",
                                "label_typography_font_size": {
                                    "unit": "px",
                                    "size": 15,
                                    "sizes": []
                                },
                                "label_typography_font_size_tablet": {
                                    "unit": "px",
                                    "size": 15,
                                    "sizes": []
                                },
                                "label_typography_font_size_mobile": {
                                    "unit": "px",
                                    "size": 14,
                                    "sizes": []
                                },
                                "label_typography_font_weight": "500",
                                "label_typography_line_height": {
                                    "unit": "em",
                                    "size": 1.5,
                                    "sizes": []
                                },
                                "__globals__": {
                                    "label_color": "globals\/colors?id=text",
                                    "label_typography_typography": "",
                                    "field_border_color": "globals\/colors?id=91455cb",
                                    "button_typography_typography": "globals\/typography?id=b2ce6af",
                                    "button_background_color": "globals\/colors?id=a185853",
                                    "button_text_color": "globals\/colors?id=a291686",
                                    "button_background_hover_color": "globals\/colors?id=91455cb",
                                    "button_hover_color": "globals\/colors?id=21edf11"
                                },
                                "pa_condition_repeater": [
                                    {
                                        "_id": "2144086"
                                    }
                                ]
                            },
                            "elements": [],
                            "isInner": false,
                            "widgetType": "form",
                            "elType": "widget"
                        }
                    ],
                    "isInner": false,
                    "elType": "column"
                }
            ],
            "isInner": false,
            "elType": "section"
        }
    ],
    "page_settings": {
        "eael_ext_toc_title": "Table of Contents",
        "template": "elementor_header_footer"
    }
}