{
    "version": "0.4",
    "title": "FAQ",
    "type": "page",
    "metadata": {
        "template_type": "single-page",
        "include_in_zip": "1",
        "elementor_pro_required": "1",
        "wp_page_template": "elementor_header_footer"
    },
    "content": [
        {
            "id": "690c6dfc",
            "settings": {
                "layout": "full_width",
                "background_background": "classic",
                "background_image": {
                    "url": "https:\/\/show.moxcreative.com\/techit\/wp-content\/uploads\/sites\/19\/2021\/11\/businessman-covering-face-with-card-with-question-mark-while-waiting-for-job-interview-with.jpg",
                    "id": 305,
                    "alt": "businessman covering face with card with question mark while waiting for job interview with",
                    "source": "library"
                },
                "background_position": "center center",
                "background_repeat": "no-repeat",
                "background_size": "cover",
                "margin": {
                    "unit": "em",
                    "top": "0",
                    "right": 0,
                    "bottom": "0",
                    "left": 0,
                    "isLinked": false
                },
                "padding": {
                    "unit": "em",
                    "top": "7",
                    "right": "20",
                    "bottom": "5",
                    "left": "20",
                    "isLinked": false
                },
                "background_overlay_background": "classic",
                "background_overlay_opacity": {
                    "unit": "px",
                    "size": 0.6999999999999999555910790149937383830547332763671875,
                    "sizes": []
                },
                "__globals__": {
                    "background_overlay_color": "globals\/colors?id=e356216"
                },
                "__dynamic__": [],
                "padding_tablet": {
                    "unit": "em",
                    "top": "7",
                    "right": "7",
                    "bottom": "5",
                    "left": "7",
                    "isLinked": false
                },
                "padding_mobile": {
                    "unit": "em",
                    "top": "5",
                    "right": "2",
                    "bottom": "3",
                    "left": "2",
                    "isLinked": false
                },
                "pa_condition_repeater": [
                    {
                        "_id": "11dab37"
                    }
                ]
            },
            "elements": [
                {
                    "id": "75d7000",
                    "settings": {
                        "_column_size": 100,
                        "_inline_size": 100,
                        "align": "center",
                        "pa_condition_repeater": [
                            {
                                "_id": "7a18df0"
                            }
                        ]
                    },
                    "elements": [
                        {
                            "id": "1865dd13",
                            "settings": {
                                "title": "F.A.Q",
                                "align": "center",
                                "__globals__": {
                                    "title_color": "globals\/colors?id=a291686",
                                    "typography_typography": "globals\/typography?id=583e54c"
                                },
                                "__dynamic__": [],
                                "_element_vertical_align": "center",
                                "_animation": "fadeIn",
                                "animation_duration": "slow",
                                "title_color": "#FFFFFF",
                                "header_size": "div",
                                "pa_condition_repeater": [
                                    {
                                        "_id": "2ce4372"
                                    }
                                ]
                            },
                            "elements": [],
                            "isInner": false,
                            "widgetType": "heading",
                            "elType": "widget"
                        },
                        {
                            "id": "dbf665e",
                            "settings": {
                                "align": "center",
                                "_element_width": "initial",
                                "_element_custom_width": {
                                    "unit": "px",
                                    "size": 500,
                                    "sizes": []
                                },
                                "_element_vertical_align": "center",
                                "text_color": "#BBBBBB",
                                "__globals__": {
                                    "text_color": "globals\/colors?id=91455cb",
                                    "typography_typography": "globals\/typography?id=b2ce6af"
                                },
                                "_animation": "fadeInUp",
                                "animation_duration": "slow",
                                "_animation_delay": 360,
                                "pa_condition_repeater": [
                                    {
                                        "_id": "d158736"
                                    }
                                ]
                            },
                            "elements": [],
                            "isInner": false,
                            "widgetType": "text-editor",
                            "elType": "widget"
                        }
                    ],
                    "isInner": false,
                    "elType": "column"
                }
            ],
            "isInner": false,
            "elType": "section"
        },
        {
            "id": "1124171c",
            "settings": {
                "structure": "20",
                "background_background": "classic",
                "padding": {
                    "unit": "em",
                    "top": "2",
                    "right": "5",
                    "bottom": "2",
                    "left": "5",
                    "isLinked": false
                },
                "padding_tablet": {
                    "unit": "em",
                    "top": "1",
                    "right": "2",
                    "bottom": "1",
                    "left": "2",
                    "isLinked": false
                },
                "__globals__": {
                    "background_color": "globals\/colors?id=text"
                },
                "pa_condition_repeater": [
                    {
                        "_id": "8daf7aa"
                    }
                ],
                "padding_mobile": {
                    "unit": "em",
                    "top": "2",
                    "right": "2",
                    "bottom": "2",
                    "left": "2",
                    "isLinked": true
                }
            },
            "elements": [
                {
                    "id": "252f10b8",
                    "settings": {
                        "_column_size": 50,
                        "_inline_size": null,
                        "_inline_size_tablet": 100,
                        "pa_condition_repeater": [
                            {
                                "_id": "2353618"
                            }
                        ],
                        "padding": {
                            "unit": "em",
                            "top": "1",
                            "right": "1",
                            "bottom": "1",
                            "left": "1",
                            "isLinked": true
                        }
                    },
                    "elements": [
                        {
                            "id": "486580e6",
                            "settings": {
                                "ekit_heading_title": "How can we help you?",
                                "ekit_heading_title_tag": "div",
                                "show_title_border": "",
                                "title_float_left": "",
                                "ekit_heading_sub_title": "Time has changed",
                                "shadow_text_content": "bussiness",
                                "ekit_heading_seperator_style": "elementskit-border-divider elementskit-style-long",
                                "ekit_heading_title_color": "#1C1C1C",
                                "ekit_heading_title_typography_typography": "custom",
                                "ekit_heading_title_typography_font_family": "Ubuntu",
                                "ekit_heading_title_typography_font_size": {
                                    "unit": "px",
                                    "size": 48,
                                    "sizes": []
                                },
                                "ekit_heading_title_typography_font_size_tablet": {
                                    "unit": "px",
                                    "size": 36,
                                    "sizes": []
                                },
                                "ekit_heading_title_typography_font_size_mobile": {
                                    "unit": "px",
                                    "size": 28,
                                    "sizes": []
                                },
                                "ekit_heading_title_typography_font_weight": "700",
                                "ekit_heading_title_typography_line_height": {
                                    "unit": "em",
                                    "size": 1.100000000000000088817841970012523233890533447265625,
                                    "sizes": []
                                },
                                "ekit_heading_focused_title_color": "",
                                "ekit_heading_focused_title_typography_font_family": "Ubuntu",
                                "ekit_heading_focused_title_typography_font_size": {
                                    "unit": "px",
                                    "size": 48,
                                    "sizes": []
                                },
                                "ekit_heading_focused_title_typography_font_size_tablet": {
                                    "unit": "px",
                                    "size": 36,
                                    "sizes": []
                                },
                                "ekit_heading_focused_title_typography_font_size_mobile": {
                                    "unit": "px",
                                    "size": 28,
                                    "sizes": []
                                },
                                "ekit_heading_focused_title_typography_font_weight": "700",
                                "ekit_heading_focused_title_typography_line_height": {
                                    "unit": "em",
                                    "size": 1.100000000000000088817841970012523233890533447265625,
                                    "sizes": []
                                },
                                "ekit_heading_seperator_height": {
                                    "unit": "px",
                                    "size": 5,
                                    "sizes": []
                                },
                                "ekit_heading_seperator_color": "#37C878",
                                "pa_condition_repeater": [
                                    {
                                        "_id": "629919f"
                                    }
                                ],
                                "_animation": "slideInLeft",
                                "__globals__": {
                                    "ekit_heading_title_color": "globals\/colors?id=21edf11",
                                    "ekit_heading_title_typography_typography": "globals\/typography?id=5d167aa",
                                    "ekit_heading_focused_title_typography_typography": "",
                                    "ekit_heading_focused_title_color": "",
                                    "ekit_heading_seperator_color": "globals\/colors?id=a185853"
                                }
                            },
                            "elements": [],
                            "isInner": false,
                            "widgetType": "elementskit-heading",
                            "elType": "widget"
                        }
                    ],
                    "isInner": false,
                    "elType": "column"
                },
                {
                    "id": "399b0686",
                    "settings": {
                        "_column_size": 50,
                        "_inline_size": null,
                        "_inline_size_tablet": 100,
                        "space_between_widgets": 10,
                        "pa_condition_repeater": [
                            {
                                "_id": "6c66734"
                            }
                        ],
                        "padding": {
                            "unit": "em",
                            "top": "1",
                            "right": "1",
                            "bottom": "1",
                            "left": "1",
                            "isLinked": true
                        }
                    },
                    "elements": [
                        {
                            "id": "58d70760",
                            "settings": {
                                "editor": "<p>Euismod nisl sociosqu at sagittis nisi donec. Metus mi consequat blandit dis at curabitur urna curae nulla lorem. Dapibus luctus pede letius quis urna curabitur penatibus cursus tincidunt netus suspendisse.<\/p>",
                                "text_color": "#FFFFFF",
                                "__globals__": {
                                    "text_color": "globals\/colors?id=a291686",
                                    "typography_typography": "globals\/typography?id=b2ce6af"
                                },
                                "align_mobile": "left",
                                "pa_condition_repeater": [
                                    {
                                        "_id": "7d5cf95"
                                    }
                                ]
                            },
                            "elements": [],
                            "isInner": false,
                            "widgetType": "text-editor",
                            "elType": "widget"
                        },
                        {
                            "id": "53755be9",
                            "settings": {
                                "text": "Discover More",
                                "button_text_color": "#FFFFFF",
                                "background_color": "#37C878",
                                "text_padding_mobile": {
                                    "unit": "px",
                                    "top": "10",
                                    "right": "10",
                                    "bottom": "10",
                                    "left": "10",
                                    "isLinked": false
                                },
                                "__globals__": {
                                    "typography_typography": "globals\/typography?id=b2ce6af",
                                    "button_text_color": "globals\/colors?id=a291686",
                                    "background_color": "globals\/colors?id=a185853",
                                    "hover_color": "globals\/colors?id=21edf11",
                                    "button_background_hover_color": "globals\/colors?id=91455cb"
                                },
                                "pa_condition_repeater": [
                                    {
                                        "_id": "b4a5cbd"
                                    }
                                ]
                            },
                            "elements": [],
                            "isInner": false,
                            "widgetType": "button",
                            "elType": "widget"
                        }
                    ],
                    "isInner": false,
                    "elType": "column"
                }
            ],
            "isInner": false,
            "elType": "section"
        },
        {
            "id": "33346338",
            "settings": {
                "padding": {
                    "unit": "em",
                    "top": "6",
                    "right": "5",
                    "bottom": "3",
                    "left": "5",
                    "isLinked": false
                },
                "padding_tablet": {
                    "unit": "em",
                    "top": "4",
                    "right": "0",
                    "bottom": "2",
                    "left": "0",
                    "isLinked": false
                },
                "padding_mobile": {
                    "unit": "em",
                    "top": "3",
                    "right": "0",
                    "bottom": "1",
                    "left": "0",
                    "isLinked": false
                },
                "pa_condition_repeater": [
                    {
                        "_id": "9ce1bc1"
                    }
                ]
            },
            "elements": [
                {
                    "id": "633411d3",
                    "settings": {
                        "_column_size": 100,
                        "_inline_size": null,
                        "pa_condition_repeater": [
                            {
                                "_id": "4bc190d"
                            }
                        ],
                        "padding": {
                            "unit": "em",
                            "top": "1",
                            "right": "1",
                            "bottom": "1",
                            "left": "1",
                            "isLinked": true
                        }
                    },
                    "elements": [
                        {
                            "id": "1a08c09e",
                            "settings": {
                                "title": "FEATURED QUESTIONS",
                                "header_size": "div",
                                "align": "center",
                                "title_color": "#37C878",
                                "__globals__": {
                                    "title_color": "globals\/colors?id=a185853",
                                    "typography_typography": "globals\/typography?id=84ca66e"
                                },
                                "pa_condition_repeater": [
                                    {
                                        "_id": "b38594a"
                                    }
                                ]
                            },
                            "elements": [],
                            "isInner": false,
                            "widgetType": "heading",
                            "elType": "widget"
                        },
                        {
                            "id": "2bfcc94d",
                            "settings": {
                                "title": "Frequently Asked Questions",
                                "header_size": "div",
                                "align": "center",
                                "__globals__": {
                                    "title_color": "globals\/colors?id=dea41e4",
                                    "typography_typography": "globals\/typography?id=d3dae9a"
                                },
                                "pa_condition_repeater": [
                                    {
                                        "_id": "f2d40d9"
                                    }
                                ]
                            },
                            "elements": [],
                            "isInner": false,
                            "widgetType": "heading",
                            "elType": "widget"
                        },
                        {
                            "id": "ae15b65",
                            "settings": {
                                "structure": "20",
                                "pa_condition_repeater": [
                                    {
                                        "_id": "dd80bd9"
                                    }
                                ]
                            },
                            "elements": [
                                {
                                    "id": "1e3d6e6d",
                                    "settings": {
                                        "_column_size": 50,
                                        "_inline_size": null,
                                        "space_between_widgets": 1,
                                        "padding": {
                                            "unit": "em",
                                            "top": "2",
                                            "right": "2",
                                            "bottom": "2",
                                            "left": "2",
                                            "isLinked": true
                                        },
                                        "padding_tablet": {
                                            "unit": "em",
                                            "top": "1",
                                            "right": "1",
                                            "bottom": "1",
                                            "left": "1",
                                            "isLinked": true
                                        },
                                        "padding_mobile": {
                                            "unit": "em",
                                            "top": "1",
                                            "right": "1",
                                            "bottom": "2",
                                            "left": "1",
                                            "isLinked": false
                                        },
                                        "animation": "slideInUp",
                                        "pa_condition_repeater": [
                                            {
                                                "_id": "87a3472"
                                            }
                                        ]
                                    },
                                    "elements": [
                                        {
                                            "id": "6a6b7b6b",
                                            "settings": {
                                                "icon_list": [
                                                    {
                                                        "text": "Global Questions",
                                                        "selected_icon": {
                                                            "value": "fas fa-cogs",
                                                            "library": "fa-solid"
                                                        },
                                                        "_id": "afab248"
                                                    }
                                                ],
                                                "icon_align": "center",
                                                "icon_size": {
                                                    "unit": "px",
                                                    "size": 25,
                                                    "sizes": []
                                                },
                                                "icon_self_align": "left",
                                                "text_indent": {
                                                    "unit": "px",
                                                    "size": 10,
                                                    "sizes": []
                                                },
                                                "__globals__": {
                                                    "text_color": "globals\/colors?id=dea41e4",
                                                    "icon_typography_typography": "globals\/typography?id=83682a1",
                                                    "icon_color": "globals\/colors?id=a185853"
                                                },
                                                "pa_condition_repeater": [
                                                    {
                                                        "_id": "fbb0837"
                                                    }
                                                ]
                                            },
                                            "elements": [],
                                            "isInner": false,
                                            "widgetType": "icon-list",
                                            "elType": "widget"
                                        },
                                        {
                                            "id": "49e6b006",
                                            "settings": {
                                                "width": {
                                                    "unit": "%",
                                                    "size": 45,
                                                    "sizes": []
                                                },
                                                "width_tablet": {
                                                    "unit": "%",
                                                    "size": 60,
                                                    "sizes": []
                                                },
                                                "width_mobile": {
                                                    "unit": "%",
                                                    "size": 60,
                                                    "sizes": []
                                                },
                                                "align": "center",
                                                "text": "Divider",
                                                "weight": {
                                                    "unit": "px",
                                                    "size": 3,
                                                    "sizes": []
                                                },
                                                "__globals__": {
                                                    "color": "globals\/colors?id=a185853"
                                                },
                                                "pa_condition_repeater": [
                                                    {
                                                        "_id": "25d5c45"
                                                    }
                                                ]
                                            },
                                            "elements": [],
                                            "isInner": false,
                                            "widgetType": "divider",
                                            "elType": "widget"
                                        },
                                        {
                                            "id": "74d241fd",
                                            "settings": {
                                                "space": {
                                                    "unit": "px",
                                                    "size": 25,
                                                    "sizes": []
                                                },
                                                "space_mobile": {
                                                    "unit": "px",
                                                    "size": 15,
                                                    "sizes": []
                                                },
                                                "pa_condition_repeater": [
                                                    {
                                                        "_id": "0afc61a"
                                                    }
                                                ]
                                            },
                                            "elements": [],
                                            "isInner": false,
                                            "widgetType": "spacer",
                                            "elType": "widget"
                                        },
                                        {
                                            "id": "97b41ed",
                                            "settings": {
                                                "ekit_accordion_items": [
                                                    {
                                                        "acc_title": "Inceptos porttitor maximus eu arcu conubia?",
                                                        "ekit_acc_is_active": "yes",
                                                        "_id": "2a73e1f"
                                                    },
                                                    {
                                                        "acc_title": "Integer quis sociosqu tempus consequat mus maximus?",
                                                        "_id": "712b3e5"
                                                    },
                                                    {
                                                        "acc_title": "Tincidunt nostra class egestas potenti luctus aliquam tempus?",
                                                        "_id": "00ea0cb"
                                                    },
                                                    {
                                                        "_id": "1bee820",
                                                        "acc_title": "Turpis facilisis ad proin congue?"
                                                    }
                                                ],
                                                "ekit_accordion_right_icon_actives": {
                                                    "value": "icon icon-up-arrow1",
                                                    "library": "ekiticons"
                                                },
                                                "ekit_accordion_title_typography_typography": "custom",
                                                "ekit_accordion_title_typography_font_family": "Ubuntu",
                                                "ekit_accordion_title_typography_font_size": {
                                                    "unit": "px",
                                                    "size": 18,
                                                    "sizes": []
                                                },
                                                "ekit_accordion_title_typography_font_size_tablet": {
                                                    "unit": "px",
                                                    "size": 15,
                                                    "sizes": []
                                                },
                                                "ekit_accordion_title_typography_font_size_mobile": {
                                                    "unit": "px",
                                                    "size": 14,
                                                    "sizes": []
                                                },
                                                "ekit_accordion_title_typography_line_height": {
                                                    "unit": "em",
                                                    "size": 1.5,
                                                    "sizes": []
                                                },
                                                "ekit_accordion_background_background": "classic",
                                                "ekit_accordion_background_color": "#37C878",
                                                "ekit_accordion_border_radious_curve_shape_open": {
                                                    "unit": "px",
                                                    "top": "5",
                                                    "right": "5",
                                                    "bottom": "5",
                                                    "left": "5",
                                                    "isLinked": true
                                                },
                                                "ekit_accordion_box_shadow_open_box_shadow_type": "yes",
                                                "ekit_accordion_box_shadow_open_box_shadow": {
                                                    "horizontal": 0,
                                                    "vertical": 5,
                                                    "blur": 10,
                                                    "spread": 0,
                                                    "color": "rgba(0, 0, 0, 0.15)"
                                                },
                                                "ekit_accordion_background_close_background": "classic",
                                                "ekit_accordion_background_close_color": "#7A7A7A00",
                                                "ekit_accordion_title_padding_tablet": {
                                                    "unit": "px",
                                                    "top": "10",
                                                    "right": "40",
                                                    "bottom": "10",
                                                    "left": "15",
                                                    "isLinked": false
                                                },
                                                "ekit_accordion_title_padding_mobile": {
                                                    "unit": "px",
                                                    "top": "7",
                                                    "right": "40",
                                                    "bottom": "7",
                                                    "left": "15",
                                                    "isLinked": false
                                                },
                                                "ekit_accordion_content_typography_typography": "custom",
                                                "ekit_accordion_content_typography_font_family": "Heebo",
                                                "ekit_accordion_content_typography_font_size": {
                                                    "unit": "px",
                                                    "size": 16,
                                                    "sizes": []
                                                },
                                                "ekit_accordion_content_typography_font_size_tablet": {
                                                    "unit": "px",
                                                    "size": 14,
                                                    "sizes": []
                                                },
                                                "ekit_accordion_content_typography_font_size_mobile": {
                                                    "unit": "px",
                                                    "size": 14,
                                                    "sizes": []
                                                },
                                                "ekit_accordion_content_typography_line_height": {
                                                    "unit": "em",
                                                    "size": 1.5,
                                                    "sizes": []
                                                },
                                                "ekit_accordion_content_padding": {
                                                    "unit": "em",
                                                    "top": "1",
                                                    "right": "0",
                                                    "bottom": "1",
                                                    "left": "2",
                                                    "isLinked": false
                                                },
                                                "ekit_accordion_content_padding_tablet": {
                                                    "unit": "px",
                                                    "top": "10",
                                                    "right": "15",
                                                    "bottom": "10",
                                                    "left": "15",
                                                    "isLinked": false
                                                },
                                                "ekit_accordion_content_padding_mobile": {
                                                    "unit": "px",
                                                    "top": "10",
                                                    "right": "15",
                                                    "bottom": "10",
                                                    "left": "15",
                                                    "isLinked": false
                                                },
                                                "ekit_accordion_border_open_border": "solid",
                                                "ekit_accordion_border_open_width": {
                                                    "unit": "px",
                                                    "top": "0",
                                                    "right": "0",
                                                    "bottom": "1",
                                                    "left": "0",
                                                    "isLinked": false
                                                },
                                                "__globals__": {
                                                    "ekit_accordion_icon_color_close": "",
                                                    "ekit_accordion_background_color": "",
                                                    "ekit_accordion_title_typography_typography": "",
                                                    "ekit_accordion_background_close_color": "",
                                                    "ekit_accordion_content_typography_typography": "",
                                                    "ekit_accordion_icon_color": "globals\/colors?id=a291686",
                                                    "ekit_accordion_border_open_color": "globals\/colors?id=91455cb"
                                                },
                                                "pa_condition_repeater": [
                                                    {
                                                        "_id": "ea91a99"
                                                    }
                                                ]
                                            },
                                            "elements": [],
                                            "isInner": false,
                                            "widgetType": "elementskit-accordion",
                                            "elType": "widget"
                                        }
                                    ],
                                    "isInner": true,
                                    "elType": "column"
                                },
                                {
                                    "id": "76157045",
                                    "settings": {
                                        "_column_size": 50,
                                        "_inline_size": null,
                                        "space_between_widgets": 1,
                                        "padding": {
                                            "unit": "em",
                                            "top": "2",
                                            "right": "2",
                                            "bottom": "2",
                                            "left": "2",
                                            "isLinked": true
                                        },
                                        "padding_tablet": {
                                            "unit": "em",
                                            "top": "1",
                                            "right": "1",
                                            "bottom": "1",
                                            "left": "1",
                                            "isLinked": true
                                        },
                                        "animation": "slideInUp",
                                        "animation_duration": "slow",
                                        "animation_delay": 360,
                                        "pa_condition_repeater": [
                                            {
                                                "_id": "fe68806"
                                            }
                                        ]
                                    },
                                    "elements": [
                                        {
                                            "id": "4e87d0e0",
                                            "settings": {
                                                "icon_list": [
                                                    {
                                                        "text": "Popular Questions",
                                                        "selected_icon": {
                                                            "value": "fas fa-user-cog",
                                                            "library": "fa-solid"
                                                        },
                                                        "_id": "afab248"
                                                    }
                                                ],
                                                "icon_align": "center",
                                                "icon_size": {
                                                    "unit": "px",
                                                    "size": 25,
                                                    "sizes": []
                                                },
                                                "icon_self_align": "left",
                                                "text_indent": {
                                                    "unit": "px",
                                                    "size": 10,
                                                    "sizes": []
                                                },
                                                "__globals__": {
                                                    "text_color": "globals\/colors?id=dea41e4",
                                                    "icon_typography_typography": "globals\/typography?id=83682a1",
                                                    "icon_color": "globals\/colors?id=a185853"
                                                },
                                                "pa_condition_repeater": [
                                                    {
                                                        "_id": "93a9adf"
                                                    }
                                                ]
                                            },
                                            "elements": [],
                                            "isInner": false,
                                            "widgetType": "icon-list",
                                            "elType": "widget"
                                        },
                                        {
                                            "id": "759613f",
                                            "settings": {
                                                "width": {
                                                    "unit": "%",
                                                    "size": 45,
                                                    "sizes": []
                                                },
                                                "width_tablet": {
                                                    "unit": "%",
                                                    "size": 60,
                                                    "sizes": []
                                                },
                                                "width_mobile": {
                                                    "unit": "%",
                                                    "size": 60,
                                                    "sizes": []
                                                },
                                                "align": "center",
                                                "text": "Divider",
                                                "weight": {
                                                    "unit": "px",
                                                    "size": 3,
                                                    "sizes": []
                                                },
                                                "__globals__": {
                                                    "color": "globals\/colors?id=a185853"
                                                },
                                                "pa_condition_repeater": [
                                                    {
                                                        "_id": "46fceaa"
                                                    }
                                                ]
                                            },
                                            "elements": [],
                                            "isInner": false,
                                            "widgetType": "divider",
                                            "elType": "widget"
                                        },
                                        {
                                            "id": "309c91f4",
                                            "settings": {
                                                "space": {
                                                    "unit": "px",
                                                    "size": 25,
                                                    "sizes": []
                                                },
                                                "pa_condition_repeater": [
                                                    {
                                                        "_id": "27cdb7e"
                                                    }
                                                ]
                                            },
                                            "elements": [],
                                            "isInner": false,
                                            "widgetType": "spacer",
                                            "elType": "widget"
                                        },
                                        {
                                            "id": "44330e88",
                                            "settings": {
                                                "ekit_accordion_items": [
                                                    {
                                                        "acc_title": "Inceptos porttitor maximus eu arcu conubia?",
                                                        "ekit_acc_is_active": "yes",
                                                        "_id": "2a73e1f"
                                                    },
                                                    {
                                                        "acc_title": "Integer quis sociosqu tempus consequat mus maximus?",
                                                        "_id": "712b3e5"
                                                    },
                                                    {
                                                        "acc_title": "Tincidunt nostra class egestas potenti luctus aliquam tempus?",
                                                        "_id": "00ea0cb"
                                                    },
                                                    {
                                                        "_id": "1bee820",
                                                        "acc_title": "Turpis facilisis ad proin congue?"
                                                    }
                                                ],
                                                "ekit_accordion_open_first_slide": "",
                                                "ekit_accordion_right_icon_actives": {
                                                    "value": "icon icon-up-arrow1",
                                                    "library": "ekiticons"
                                                },
                                                "ekit_accordion_title_typography_typography": "custom",
                                                "ekit_accordion_title_typography_font_family": "Ubuntu",
                                                "ekit_accordion_title_typography_font_size": {
                                                    "unit": "px",
                                                    "size": 18,
                                                    "sizes": []
                                                },
                                                "ekit_accordion_title_typography_font_size_tablet": {
                                                    "unit": "px",
                                                    "size": 15,
                                                    "sizes": []
                                                },
                                                "ekit_accordion_title_typography_font_size_mobile": {
                                                    "unit": "px",
                                                    "size": 14,
                                                    "sizes": []
                                                },
                                                "ekit_accordion_title_typography_line_height": {
                                                    "unit": "em",
                                                    "size": 1.5,
                                                    "sizes": []
                                                },
                                                "ekit_accordion_background_background": "classic",
                                                "ekit_accordion_background_color": "#37C878",
                                                "ekit_accordion_border_radious_curve_shape_open": {
                                                    "unit": "px",
                                                    "top": "5",
                                                    "right": "5",
                                                    "bottom": "5",
                                                    "left": "5",
                                                    "isLinked": true
                                                },
                                                "ekit_accordion_box_shadow_open_box_shadow_type": "yes",
                                                "ekit_accordion_box_shadow_open_box_shadow": {
                                                    "horizontal": 0,
                                                    "vertical": 5,
                                                    "blur": 10,
                                                    "spread": 0,
                                                    "color": "rgba(0, 0, 0, 0.15)"
                                                },
                                                "ekit_accordion_background_close_background": "classic",
                                                "ekit_accordion_background_close_color": "#7A7A7A00",
                                                "ekit_accordion_title_padding_tablet": {
                                                    "unit": "px",
                                                    "top": "10",
                                                    "right": "40",
                                                    "bottom": "10",
                                                    "left": "15",
                                                    "isLinked": false
                                                },
                                                "ekit_accordion_title_padding_mobile": {
                                                    "unit": "px",
                                                    "top": "7",
                                                    "right": "40",
                                                    "bottom": "7",
                                                    "left": "15",
                                                    "isLinked": false
                                                },
                                                "ekit_accordion_content_typography_typography": "custom",
                                                "ekit_accordion_content_typography_font_family": "Heebo",
                                                "ekit_accordion_content_typography_font_size": {
                                                    "unit": "px",
                                                    "size": 16,
                                                    "sizes": []
                                                },
                                                "ekit_accordion_content_typography_font_size_tablet": {
                                                    "unit": "px",
                                                    "size": 14,
                                                    "sizes": []
                                                },
                                                "ekit_accordion_content_typography_font_size_mobile": {
                                                    "unit": "px",
                                                    "size": 14,
                                                    "sizes": []
                                                },
                                                "ekit_accordion_content_typography_line_height": {
                                                    "unit": "em",
                                                    "size": 1.5,
                                                    "sizes": []
                                                },
                                                "ekit_accordion_content_padding": {
                                                    "unit": "em",
                                                    "top": "1",
                                                    "right": "0",
                                                    "bottom": "1",
                                                    "left": "2",
                                                    "isLinked": false
                                                },
                                                "ekit_accordion_content_padding_tablet": {
                                                    "unit": "px",
                                                    "top": "10",
                                                    "right": "15",
                                                    "bottom": "10",
                                                    "left": "15",
                                                    "isLinked": false
                                                },
                                                "ekit_accordion_content_padding_mobile": {
                                                    "unit": "px",
                                                    "top": "10",
                                                    "right": "15",
                                                    "bottom": "10",
                                                    "left": "15",
                                                    "isLinked": false
                                                },
                                                "ekit_accordion_border_open_border": "solid",
                                                "ekit_accordion_border_open_width": {
                                                    "unit": "px",
                                                    "top": "0",
                                                    "right": "0",
                                                    "bottom": "1",
                                                    "left": "0",
                                                    "isLinked": false
                                                },
                                                "__globals__": {
                                                    "ekit_accordion_icon_color_close": "",
                                                    "ekit_accordion_background_color": "",
                                                    "ekit_accordion_title_typography_typography": "",
                                                    "ekit_accordion_background_close_color": "",
                                                    "ekit_accordion_content_typography_typography": "",
                                                    "ekit_accordion_icon_color": "globals\/colors?id=a291686",
                                                    "ekit_accordion_border_open_color": "globals\/colors?id=91455cb"
                                                },
                                                "pa_condition_repeater": [
                                                    {
                                                        "_id": "edd6bf1"
                                                    }
                                                ]
                                            },
                                            "elements": [],
                                            "isInner": false,
                                            "widgetType": "elementskit-accordion",
                                            "elType": "widget"
                                        }
                                    ],
                                    "isInner": true,
                                    "elType": "column"
                                }
                            ],
                            "isInner": true,
                            "elType": "section"
                        }
                    ],
                    "isInner": false,
                    "elType": "column"
                }
            ],
            "isInner": false,
            "elType": "section"
        },
        {
            "id": "b89bb28",
            "settings": {
                "background_background": "gradient",
                "background_color": "#FFFFFF",
                "background_color_stop": {
                    "unit": "%",
                    "size": 66,
                    "sizes": []
                },
                "background_color_b": "#BBBBBB78",
                "padding": {
                    "unit": "em",
                    "top": "1",
                    "right": "3",
                    "bottom": "5",
                    "left": "3",
                    "isLinked": false
                },
                "padding_tablet": {
                    "unit": "em",
                    "top": "1",
                    "right": "1",
                    "bottom": "4",
                    "left": "1",
                    "isLinked": false
                },
                "padding_mobile": {
                    "unit": "em",
                    "top": "0",
                    "right": "0",
                    "bottom": "3",
                    "left": "0",
                    "isLinked": false
                },
                "__globals__": {
                    "background_color": "globals\/colors?id=a291686",
                    "background_color_b": ""
                },
                "pa_condition_repeater": [
                    {
                        "_id": "964a467"
                    }
                ]
            },
            "elements": [
                {
                    "id": "20f8cfa3",
                    "settings": {
                        "_column_size": 100,
                        "_inline_size": null,
                        "space_between_widgets_mobile": 5,
                        "pa_condition_repeater": [
                            {
                                "_id": "03710c8"
                            }
                        ],
                        "padding": {
                            "unit": "em",
                            "top": "1",
                            "right": "1",
                            "bottom": "1",
                            "left": "1",
                            "isLinked": true
                        },
                        "padding_tablet": {
                            "unit": "em",
                            "top": "1",
                            "right": "1",
                            "bottom": "1",
                            "left": "1",
                            "isLinked": true
                        }
                    },
                    "elements": [
                        {
                            "id": "2eec1e70",
                            "settings": {
                                "align": "center",
                                "text": "Divider",
                                "color": "#BBBBBB",
                                "weight": {
                                    "unit": "px",
                                    "size": 2,
                                    "sizes": []
                                },
                                "__globals__": {
                                    "color": ""
                                },
                                "pa_condition_repeater": [
                                    {
                                        "_id": "a81a0af"
                                    }
                                ]
                            },
                            "elements": [],
                            "isInner": false,
                            "widgetType": "divider",
                            "elType": "widget"
                        },
                        {
                            "id": "18c265c0",
                            "settings": {
                                "space_tablet": {
                                    "unit": "px",
                                    "size": 10,
                                    "sizes": []
                                },
                                "space_mobile": {
                                    "unit": "px",
                                    "size": 10,
                                    "sizes": []
                                },
                                "space": {
                                    "unit": "px",
                                    "size": 20,
                                    "sizes": []
                                },
                                "pa_condition_repeater": [
                                    {
                                        "_id": "aa78d53"
                                    }
                                ]
                            },
                            "elements": [],
                            "isInner": false,
                            "widgetType": "spacer",
                            "elType": "widget"
                        },
                        {
                            "id": "3b57c811",
                            "settings": {
                                "structure": "20",
                                "pa_condition_repeater": [
                                    {
                                        "_id": "ca36ccc"
                                    }
                                ]
                            },
                            "elements": [
                                {
                                    "id": "2b08d74f",
                                    "settings": {
                                        "_column_size": 50,
                                        "_inline_size": null,
                                        "_inline_size_mobile": 50,
                                        "pa_condition_repeater": [
                                            {
                                                "_id": "02fc070"
                                            }
                                        ]
                                    },
                                    "elements": [
                                        {
                                            "id": "7b08cc2c",
                                            "settings": {
                                                "title": "Last Article",
                                                "header_size": "div",
                                                "align": "left",
                                                "_animation": "none",
                                                "__globals__": {
                                                    "title_color": "globals\/colors?id=dea41e4",
                                                    "typography_typography": "globals\/typography?id=83682a1"
                                                },
                                                "pa_condition_repeater": [
                                                    {
                                                        "_id": "2b5a465"
                                                    }
                                                ]
                                            },
                                            "elements": [],
                                            "isInner": false,
                                            "widgetType": "heading",
                                            "elType": "widget"
                                        }
                                    ],
                                    "isInner": true,
                                    "elType": "column"
                                },
                                {
                                    "id": "4f3aab92",
                                    "settings": {
                                        "_column_size": 50,
                                        "_inline_size": null,
                                        "_inline_size_mobile": 50,
                                        "pa_condition_repeater": [
                                            {
                                                "_id": "c6fc175"
                                            }
                                        ]
                                    },
                                    "elements": [
                                        {
                                            "id": "6dee56c9",
                                            "settings": {
                                                "text": "More Article",
                                                "align": "right",
                                                "typography_typography": "custom",
                                                "typography_font_family": "Heebo",
                                                "typography_font_size": {
                                                    "unit": "px",
                                                    "size": 14,
                                                    "sizes": []
                                                },
                                                "typography_font_size_tablet": {
                                                    "unit": "px",
                                                    "size": 15,
                                                    "sizes": []
                                                },
                                                "typography_font_size_mobile": {
                                                    "unit": "px",
                                                    "size": 12,
                                                    "sizes": []
                                                },
                                                "typography_line_height": {
                                                    "unit": "em",
                                                    "size": 1.5,
                                                    "sizes": []
                                                },
                                                "text_padding": {
                                                    "unit": "px",
                                                    "top": "5",
                                                    "right": "10",
                                                    "bottom": "5",
                                                    "left": "10",
                                                    "isLinked": false
                                                },
                                                "__globals__": {
                                                    "typography_typography": "",
                                                    "button_text_color": "globals\/colors?id=a291686",
                                                    "background_color": "globals\/colors?id=a185853",
                                                    "hover_color": "globals\/colors?id=21edf11",
                                                    "button_background_hover_color": "globals\/colors?id=91455cb"
                                                },
                                                "pa_condition_repeater": [
                                                    {
                                                        "_id": "6d19f88"
                                                    }
                                                ]
                                            },
                                            "elements": [],
                                            "isInner": false,
                                            "widgetType": "button",
                                            "elType": "widget"
                                        }
                                    ],
                                    "isInner": true,
                                    "elType": "column"
                                }
                            ],
                            "isInner": true,
                            "elType": "section"
                        },
                        {
                            "id": "751f0ec8",
                            "settings": {
                                "pa_condition_repeater": [
                                    {
                                        "_id": "ad8be4b"
                                    }
                                ]
                            },
                            "elements": [
                                {
                                    "id": "4c5fd18a",
                                    "settings": {
                                        "_column_size": 100,
                                        "_inline_size": null,
                                        "pa_condition_repeater": [
                                            {
                                                "_id": "e998f47"
                                            }
                                        ]
                                    },
                                    "elements": [
                                        {
                                            "id": "4efed286",
                                            "settings": {
                                                "_skin": "cards",
                                                "classic_columns": "4",
                                                "classic_posts_per_page": 4,
                                                "classic_excerpt_length": 20,
                                                "classic_meta_separator": "|",
                                                "classic_show_read_more": "",
                                                "classic_read_more_text": "Read More \u00bb",
                                                "cards_columns": "4",
                                                "cards_posts_per_page": 4,
                                                "cards_item_ratio_mobile": {
                                                    "unit": "px",
                                                    "size": 0.66000000000000003108624468950438313186168670654296875,
                                                    "sizes": []
                                                },
                                                "cards_excerpt_length": 15,
                                                "cards_meta_separator": "\u2022",
                                                "cards_show_read_more": "",
                                                "cards_read_more_text": "Read More \u00bb",
                                                "cards_show_avatar": "",
                                                "full_content_meta_separator": "\/\/\/",
                                                "cards_alignment": "left",
                                                "cards_card_border_radius": {
                                                    "unit": "px",
                                                    "size": 5,
                                                    "sizes": []
                                                },
                                                "cards_card_padding": {
                                                    "unit": "px",
                                                    "size": 20,
                                                    "sizes": []
                                                },
                                                "cards_image_spacing": {
                                                    "unit": "px",
                                                    "size": 10,
                                                    "sizes": []
                                                },
                                                "cards_thumbnail_filters_css_filter": "custom",
                                                "cards_thumbnail_filters_saturate": {
                                                    "unit": "px",
                                                    "size": 0,
                                                    "sizes": []
                                                },
                                                "cards_thumbnail_hover_filters_css_filter": "custom",
                                                "cards_badge_position": "",
                                                "cards_badge_color": "#FFFFFF",
                                                "cards_badge_radius": {
                                                    "unit": "px",
                                                    "size": 0,
                                                    "sizes": []
                                                },
                                                "cards_badge_margin": {
                                                    "unit": "px",
                                                    "size": 0,
                                                    "sizes": []
                                                },
                                                "cards_badge_typography_typography": "custom",
                                                "cards_badge_typography_font_family": "Ubuntu",
                                                "cards_badge_typography_line_height": {
                                                    "unit": "em",
                                                    "size": 1.5,
                                                    "sizes": []
                                                },
                                                "cards_title_color": "#17224D",
                                                "cards_title_typography_typography": "custom",
                                                "cards_title_typography_font_family": "Ubuntu",
                                                "cards_title_typography_font_size": {
                                                    "unit": "px",
                                                    "size": 24,
                                                    "sizes": []
                                                },
                                                "cards_title_typography_font_size_tablet": {
                                                    "unit": "px",
                                                    "size": 18,
                                                    "sizes": []
                                                },
                                                "cards_title_typography_font_size_mobile": {
                                                    "unit": "px",
                                                    "size": 18,
                                                    "sizes": []
                                                },
                                                "cards_title_typography_font_weight": "600",
                                                "cards_title_typography_line_height": {
                                                    "unit": "em",
                                                    "size": 1.100000000000000088817841970012523233890533447265625,
                                                    "sizes": []
                                                },
                                                "cards_title_spacing": {
                                                    "unit": "px",
                                                    "size": 20,
                                                    "sizes": []
                                                },
                                                "cards_meta_color": "#7A7A7A",
                                                "cards_meta_separator_color": "#37C878",
                                                "cards_meta_typography_typography": "custom",
                                                "cards_meta_typography_font_family": "Heebo",
                                                "cards_meta_typography_font_size": {
                                                    "unit": "px",
                                                    "size": 13,
                                                    "sizes": []
                                                },
                                                "cards_meta_typography_font_size_tablet": {
                                                    "unit": "px",
                                                    "size": 12,
                                                    "sizes": []
                                                },
                                                "cards_meta_typography_font_size_mobile": {
                                                    "unit": "px",
                                                    "size": 11,
                                                    "sizes": []
                                                },
                                                "cards_meta_typography_font_weight": "300",
                                                "cards_meta_typography_line_height": {
                                                    "unit": "em",
                                                    "size": "",
                                                    "sizes": []
                                                },
                                                "cards_excerpt_color": "#7A7A7A",
                                                "cards_excerpt_typography_typography": "custom",
                                                "cards_excerpt_typography_font_family": "Heebo",
                                                "cards_excerpt_typography_font_size": {
                                                    "unit": "px",
                                                    "size": 16,
                                                    "sizes": []
                                                },
                                                "cards_excerpt_typography_font_size_tablet": {
                                                    "unit": "px",
                                                    "size": 14,
                                                    "sizes": []
                                                },
                                                "cards_excerpt_typography_font_size_mobile": {
                                                    "unit": "px",
                                                    "size": 12,
                                                    "sizes": []
                                                },
                                                "cards_excerpt_typography_line_height": {
                                                    "unit": "em",
                                                    "size": 1.5,
                                                    "sizes": []
                                                },
                                                "pagination_page_limit": "5",
                                                "pagination_prev_label": "&laquo; Previous",
                                                "pagination_next_label": "Next &raquo;",
                                                "text": "Load More",
                                                "load_more_no_posts_custom_message": "No more posts to show",
                                                "_animation": "fadeInUp",
                                                "animation_duration": "slow",
                                                "__globals__": {
                                                    "cards_badge_bg_color": "globals\/colors?id=a185853",
                                                    "cards_badge_color": "globals\/colors?id=a291686",
                                                    "cards_badge_typography_typography": "",
                                                    "cards_title_color": "globals\/colors?id=dea41e4",
                                                    "cards_title_typography_typography": "globals\/typography?id=83682a1",
                                                    "cards_meta_color": "globals\/colors?id=text",
                                                    "cards_meta_separator_color": "globals\/colors?id=a185853",
                                                    "cards_meta_typography_typography": "globals\/typography?id=112b6c4",
                                                    "cards_excerpt_typography_typography": "",
                                                    "cards_excerpt_color": "globals\/colors?id=text"
                                                },
                                                "cards_badge_typography_font_size": {
                                                    "unit": "px",
                                                    "size": 16,
                                                    "sizes": []
                                                },
                                                "cards_badge_typography_font_size_tablet": {
                                                    "unit": "px",
                                                    "size": 15,
                                                    "sizes": []
                                                },
                                                "cards_badge_typography_font_size_mobile": {
                                                    "unit": "px",
                                                    "size": 14,
                                                    "sizes": []
                                                },
                                                "pa_condition_repeater": [
                                                    {
                                                        "_id": "1a665c2"
                                                    }
                                                ]
                                            },
                                            "elements": [],
                                            "isInner": false,
                                            "widgetType": "posts",
                                            "elType": "widget"
                                        }
                                    ],
                                    "isInner": true,
                                    "elType": "column"
                                }
                            ],
                            "isInner": true,
                            "elType": "section"
                        }
                    ],
                    "isInner": false,
                    "elType": "column"
                }
            ],
            "isInner": false,
            "elType": "section"
        }
    ],
    "page_settings": {
        "eael_ext_toc_title": "Table of Contents",
        "template": "elementor_header_footer"
    }
}