{
    "version": "0.4",
    "title": "Global Kit Styles",
    "type": "section",
    "metadata": {
        "template_type": "global-styles",
        "include_in_zip": "1",
        "elementor_pro_required": "1",
        "additional_template_information": [
            "These are the global theme styles configured through the Elementor Theme Styles area."
        ],
        "wp_page_template": "default"
    },
    "content": [],
    "page_settings": {
        "system_colors": [
            {
                "_id": "primary",
                "title": "Primary",
                "color": "#6EC1E4"
            },
            {
                "_id": "secondary",
                "title": "Secondary",
                "color": "#54595F"
            },
            {
                "_id": "text",
                "title": "Text",
                "color": "#7A7A7A"
            },
            {
                "_id": "accent",
                "title": "Accent",
                "color": "#61CE70"
            }
        ],
        "custom_colors": [
            {
                "_id": "dea41e4",
                "title": "Basic Font",
                "color": "#17224D"
            },
            {
                "_id": "a185853",
                "title": "Accent 1",
                "color": "#37C878"
            },
            {
                "_id": "308e809",
                "title": "BG Light",
                "color": "#EDF1FC"
            },
            {
                "_id": "a291686",
                "title": "Netral",
                "color": "#FFFFFF"
            },
            {
                "_id": "91455cb",
                "title": "Extra Light BG",
                "color": "#BBBBBB"
            },
            {
                "_id": "e356216",
                "title": "Black Light",
                "color": "#1C1C1C"
            },
            {
                "_id": "21edf11",
                "title": "Black Dark",
                "color": "#151515"
            },
            {
                "_id": "8649808",
                "title": "Accent 2",
                "color": "#FE000C"
            }
        ],
        "system_typography": [
            {
                "_id": "primary",
                "title": "Primary",
                "typography_typography": "custom",
                "typography_font_family": "Roboto",
                "typography_font_weight": "600"
            },
            {
                "_id": "secondary",
                "title": "Secondary",
                "typography_typography": "custom",
                "typography_font_family": "Roboto Slab",
                "typography_font_weight": "400"
            },
            {
                "_id": "text",
                "title": "Text",
                "typography_typography": "custom",
                "typography_font_family": "Roboto",
                "typography_font_weight": "400"
            },
            {
                "_id": "accent",
                "title": "Accent",
                "typography_typography": "custom",
                "typography_font_family": "Heebo",
                "typography_font_size": {
                    "unit": "px",
                    "size": 18,
                    "sizes": []
                },
                "typography_font_style": "italic"
            }
        ],
        "custom_typography": [
            {
                "_id": "b2ce6af",
                "title": "Global Font",
                "typography_typography": "custom",
                "typography_font_family": "Heebo",
                "typography_font_size": {
                    "unit": "px",
                    "size": 16,
                    "sizes": []
                },
                "typography_line_height": {
                    "unit": "em",
                    "size": 1.5,
                    "sizes": []
                },
                "typography_font_size_tablet": {
                    "unit": "px",
                    "size": 15,
                    "sizes": []
                },
                "typography_font_size_mobile": {
                    "unit": "px",
                    "size": 14,
                    "sizes": []
                }
            },
            {
                "_id": "69c152f",
                "title": "Small Font",
                "typography_typography": "custom",
                "typography_font_family": "Heebo",
                "typography_font_size": {
                    "unit": "px",
                    "size": 14,
                    "sizes": []
                },
                "typography_line_height": {
                    "unit": "em",
                    "size": 1.600000000000000088817841970012523233890533447265625,
                    "sizes": []
                },
                "typography_font_size_tablet": {
                    "unit": "px",
                    "size": 13,
                    "sizes": []
                },
                "typography_font_size_mobile": {
                    "unit": "px",
                    "size": 12,
                    "sizes": []
                }
            },
            {
                "_id": "520c191",
                "title": "Header",
                "typography_typography": "custom",
                "typography_font_family": "Ubuntu",
                "typography_font_size": {
                    "unit": "px",
                    "size": 16,
                    "sizes": []
                },
                "typography_font_weight": "500",
                "typography_font_size_mobile": {
                    "unit": "px",
                    "size": 14,
                    "sizes": []
                }
            },
            {
                "_id": "583e54c",
                "title": "H1",
                "typography_typography": "custom",
                "typography_font_family": "Ubuntu",
                "typography_font_size": {
                    "unit": "px",
                    "size": 72,
                    "sizes": []
                },
                "typography_font_weight": "700",
                "typography_line_height": {
                    "unit": "em",
                    "size": 1,
                    "sizes": []
                },
                "typography_letter_spacing": {
                    "unit": "px",
                    "size": -2,
                    "sizes": []
                },
                "typography_font_size_tablet": {
                    "unit": "px",
                    "size": 48,
                    "sizes": []
                },
                "typography_font_size_mobile": {
                    "unit": "px",
                    "size": 38,
                    "sizes": []
                }
            },
            {
                "_id": "5d167aa",
                "title": "H2",
                "typography_typography": "custom",
                "typography_font_family": "Ubuntu",
                "typography_font_size": {
                    "unit": "px",
                    "size": 48,
                    "sizes": []
                },
                "typography_font_weight": "700",
                "typography_line_height": {
                    "unit": "em",
                    "size": 1.100000000000000088817841970012523233890533447265625,
                    "sizes": []
                },
                "typography_font_size_tablet": {
                    "unit": "px",
                    "size": 36,
                    "sizes": []
                },
                "typography_font_size_mobile": {
                    "unit": "px",
                    "size": 28,
                    "sizes": []
                }
            },
            {
                "_id": "d3dae9a",
                "title": "H3",
                "typography_typography": "custom",
                "typography_font_family": "Ubuntu",
                "typography_font_size": {
                    "unit": "px",
                    "size": 36,
                    "sizes": []
                },
                "typography_font_weight": "600",
                "typography_line_height": {
                    "unit": "em",
                    "size": 1.100000000000000088817841970012523233890533447265625,
                    "sizes": []
                },
                "typography_font_size_tablet": {
                    "unit": "px",
                    "size": 24,
                    "sizes": []
                },
                "typography_font_size_mobile": {
                    "unit": "px",
                    "size": 24,
                    "sizes": []
                }
            },
            {
                "_id": "83682a1",
                "title": "H4",
                "typography_typography": "custom",
                "typography_font_family": "Ubuntu",
                "typography_font_size": {
                    "unit": "px",
                    "size": 24,
                    "sizes": []
                },
                "typography_font_weight": "600",
                "typography_line_height": {
                    "unit": "em",
                    "size": 1.100000000000000088817841970012523233890533447265625,
                    "sizes": []
                },
                "typography_font_size_tablet": {
                    "unit": "px",
                    "size": 18,
                    "sizes": []
                },
                "typography_font_size_mobile": {
                    "unit": "px",
                    "size": 18,
                    "sizes": []
                }
            },
            {
                "_id": "7044a64",
                "title": "H5",
                "typography_typography": "custom",
                "typography_font_family": "Ubuntu",
                "typography_font_size": {
                    "unit": "px",
                    "size": 18,
                    "sizes": []
                },
                "typography_font_weight": "600",
                "typography_line_height": {
                    "unit": "em",
                    "size": 1.1999999999999999555910790149937383830547332763671875,
                    "sizes": []
                },
                "typography_font_size_tablet": {
                    "unit": "px",
                    "size": 16,
                    "sizes": []
                },
                "typography_font_size_mobile": {
                    "unit": "px",
                    "size": 14,
                    "sizes": []
                }
            },
            {
                "_id": "84ca66e",
                "title": "H6",
                "typography_typography": "custom",
                "typography_font_family": "Ubuntu",
                "typography_font_size": {
                    "unit": "px",
                    "size": 14,
                    "sizes": []
                },
                "typography_font_weight": "600",
                "typography_line_height": {
                    "unit": "em",
                    "size": 1.1999999999999999555910790149937383830547332763671875,
                    "sizes": []
                },
                "typography_letter_spacing": {
                    "unit": "px",
                    "size": 2,
                    "sizes": []
                },
                "typography_font_size_tablet": {
                    "unit": "px",
                    "size": 13,
                    "sizes": []
                },
                "typography_font_size_mobile": {
                    "unit": "px",
                    "size": 12,
                    "sizes": []
                }
            },
            {
                "_id": "112b6c4",
                "title": "Footer",
                "typography_typography": "custom",
                "typography_font_family": "Heebo",
                "typography_font_size": {
                    "unit": "px",
                    "size": 13,
                    "sizes": []
                },
                "typography_font_weight": "300",
                "typography_font_size_tablet": {
                    "unit": "px",
                    "size": 12,
                    "sizes": []
                },
                "typography_font_size_mobile": {
                    "unit": "px",
                    "size": 11,
                    "sizes": []
                }
            }
        ],
        "default_generic_fonts": "Sans-serif",
        "button_typography_typography": "custom",
        "button_typography_font_weight": "500",
        "button_border_border": "solid",
        "button_border_width": {
            "unit": "px",
            "top": "0",
            "right": "0",
            "bottom": "0",
            "left": "0",
            "isLinked": true
        },
        "button_border_radius": {
            "unit": "px",
            "top": "5",
            "right": "5",
            "bottom": "5",
            "left": "5",
            "isLinked": true
        },
        "button_hover_border_border": "solid",
        "button_hover_border_width": {
            "unit": "px",
            "top": "0",
            "right": "0",
            "bottom": "0",
            "left": "0",
            "isLinked": true
        },
        "form_label_typography_typography": "custom",
        "form_label_typography_font_weight": "600",
        "form_label_typography_line_height": {
            "unit": "em",
            "size": 1.5,
            "sizes": []
        },
        "form_field_border_border": "solid",
        "form_field_border_width": {
            "unit": "px",
            "top": "1",
            "right": "1",
            "bottom": "1",
            "left": "1",
            "isLinked": true
        },
        "form_field_border_radius": {
            "unit": "px",
            "top": "5",
            "right": "5",
            "bottom": "5",
            "left": "5",
            "isLinked": true
        },
        "form_field_focus_border_border": "solid",
        "form_field_focus_border_width": {
            "unit": "px",
            "top": "1",
            "right": "1",
            "bottom": "1",
            "left": "1",
            "isLinked": true
        },
        "page_title_selector": "h1.entry-title",
        "hello_footer_copyright_text": "All rights reserved",
        "activeItemIndex": 1,
        "__globals__": {
            "form_field_background_color": "globals\/colors?id=308e809",
            "form_field_border_color": "globals\/colors?id=308e809",
            "form_field_focus_background_color": "globals\/colors?id=a291686",
            "form_field_focus_border_color": "globals\/colors?id=308e809",
            "form_field_text_color": "globals\/colors?id=secondary",
            "form_field_focus_text_color": "globals\/colors?id=text",
            "button_text_color": "globals\/colors?id=a291686",
            "button_background_color": "globals\/colors?id=a185853",
            "button_hover_text_color": "globals\/colors?id=a291686",
            "button_hover_background_color": "",
            "body_typography_typography": "globals\/typography?id=b2ce6af",
            "body_color": "globals\/colors?id=dea41e4",
            "link_normal_color": "globals\/colors?id=dea41e4",
            "link_hover_color": "globals\/colors?id=a185853",
            "h1_typography_typography": "globals\/typography?id=583e54c",
            "h2_typography_typography": "globals\/typography?id=5d167aa",
            "h3_typography_typography": "globals\/typography?id=d3dae9a",
            "h4_typography_typography": "globals\/typography?id=83682a1",
            "h5_typography_typography": "globals\/typography?id=7044a64",
            "h6_typography_typography": "globals\/typography?id=84ca66e",
            "h6_color": "globals\/colors?id=a185853"
        },
        "viewport_md": 768,
        "viewport_lg": 1025,
        "container_width": {
            "unit": "px",
            "size": 1280,
            "sizes": []
        },
        "body_color": "#17224D",
        "body_typography_typography": "custom",
        "body_typography_font_family": "Heebo",
        "body_typography_font_size": {
            "unit": "px",
            "size": 16,
            "sizes": []
        },
        "body_typography_line_height": {
            "unit": "em",
            "size": 1.5,
            "sizes": []
        },
        "link_normal_color": "#17224D",
        "link_hover_color": "#37C878",
        "h1_typography_typography": "custom",
        "h1_typography_font_family": "Ubuntu",
        "h1_typography_font_size": {
            "unit": "px",
            "size": 72,
            "sizes": []
        },
        "h1_typography_font_weight": "700",
        "h1_typography_line_height": {
            "unit": "em",
            "size": 1,
            "sizes": []
        },
        "h1_typography_letter_spacing": {
            "unit": "px",
            "size": -2,
            "sizes": []
        },
        "h2_typography_typography": "custom",
        "h2_typography_font_family": "Ubuntu",
        "h2_typography_font_size": {
            "unit": "px",
            "size": 48,
            "sizes": []
        },
        "h2_typography_font_weight": "700",
        "h2_typography_line_height": {
            "unit": "em",
            "size": 1.100000000000000088817841970012523233890533447265625,
            "sizes": []
        },
        "h3_typography_typography": "custom",
        "h3_typography_font_family": "Ubuntu",
        "h3_typography_font_size": {
            "unit": "px",
            "size": 36,
            "sizes": []
        },
        "h3_typography_font_weight": "600",
        "h3_typography_line_height": {
            "unit": "em",
            "size": 1.100000000000000088817841970012523233890533447265625,
            "sizes": []
        },
        "h4_typography_typography": "custom",
        "h4_typography_font_family": "Ubuntu",
        "h4_typography_font_size": {
            "unit": "px",
            "size": 24,
            "sizes": []
        },
        "h4_typography_font_weight": "600",
        "h4_typography_line_height": {
            "unit": "em",
            "size": 1.100000000000000088817841970012523233890533447265625,
            "sizes": []
        },
        "h5_typography_typography": "custom",
        "h5_typography_font_family": "Ubuntu",
        "h5_typography_font_size": {
            "unit": "px",
            "size": 18,
            "sizes": []
        },
        "h5_typography_font_weight": "600",
        "h5_typography_line_height": {
            "unit": "em",
            "size": 1.1999999999999999555910790149937383830547332763671875,
            "sizes": []
        },
        "h6_color": "#37C878",
        "h6_typography_typography": "custom",
        "h6_typography_font_family": "Ubuntu",
        "h6_typography_font_size": {
            "unit": "px",
            "size": 14,
            "sizes": []
        },
        "h6_typography_font_weight": "600",
        "h6_typography_line_height": {
            "unit": "em",
            "size": 1.1999999999999999555910790149937383830547332763671875,
            "sizes": []
        },
        "h6_typography_letter_spacing": {
            "unit": "px",
            "size": 2,
            "sizes": []
        },
        "button_text_color": "#FFFFFF",
        "button_background_color": "#37C878",
        "button_hover_text_color": "#FFFFFF",
        "button_hover_background_color": "#17224D",
        "form_field_text_color": "#54595F",
        "form_field_background_color": "#EDF1FC",
        "form_field_border_color": "#EDF1FC",
        "form_field_focus_text_color": "#7A7A7A",
        "form_field_focus_background_color": "#FFFFFF",
        "form_field_focus_border_color": "#EDF1FC",
        "body_typography_font_size_tablet": {
            "unit": "px",
            "size": 15,
            "sizes": []
        },
        "body_typography_font_size_mobile": {
            "unit": "px",
            "size": 14,
            "sizes": []
        },
        "h1_typography_font_size_tablet": {
            "unit": "px",
            "size": 48,
            "sizes": []
        },
        "h1_typography_font_size_mobile": {
            "unit": "px",
            "size": 38,
            "sizes": []
        },
        "h2_typography_font_size_tablet": {
            "unit": "px",
            "size": 36,
            "sizes": []
        },
        "h2_typography_font_size_mobile": {
            "unit": "px",
            "size": 28,
            "sizes": []
        },
        "h3_typography_font_size_tablet": {
            "unit": "px",
            "size": 24,
            "sizes": []
        },
        "h3_typography_font_size_mobile": {
            "unit": "px",
            "size": 24,
            "sizes": []
        },
        "h4_typography_font_size_tablet": {
            "unit": "px",
            "size": 18,
            "sizes": []
        },
        "h4_typography_font_size_mobile": {
            "unit": "px",
            "size": 18,
            "sizes": []
        },
        "h5_typography_font_size_tablet": {
            "unit": "px",
            "size": 16,
            "sizes": []
        },
        "h5_typography_font_size_mobile": {
            "unit": "px",
            "size": 14,
            "sizes": []
        },
        "h6_typography_font_size_tablet": {
            "unit": "px",
            "size": 13,
            "sizes": []
        },
        "h6_typography_font_size_mobile": {
            "unit": "px",
            "size": 12,
            "sizes": []
        }
    }
}