{
    "version": "0.4",
    "title": "techit v1 &#8211; error 404",
    "type": "error-404",
    "metadata": {
        "template_type": "single-404",
        "include_in_zip": "1",
        "elementor_pro_required": "1",
        "elementor_library_type": "error-404",
        "elementor_pro_conditions": [
            "include\/singular\/not_found404"
        ],
        "additional_template_information": [
            "This is a \"Error 404\" template for Elementor Pro.",
            "This template will display on: 404 Page."
        ],
        "wp_page_template": "default"
    },
    "content": [
        {
            "id": "7bec6196",
            "settings": {
                "padding": {
                    "unit": "em",
                    "top": "5",
                    "right": "15",
                    "bottom": "5",
                    "left": "0",
                    "isLinked": false
                },
                "content_width": {
                    "unit": "px",
                    "size": 700,
                    "sizes": []
                },
                "background_background": "classic",
                "background_color": "#BBBBBB14",
                "__globals__": {
                    "background_color": ""
                },
                "padding_tablet": {
                    "unit": "em",
                    "top": "5",
                    "right": "15",
                    "bottom": "5",
                    "left": "2",
                    "isLinked": false
                },
                "padding_mobile": {
                    "unit": "em",
                    "top": "5",
                    "right": "1",
                    "bottom": "3",
                    "left": "1",
                    "isLinked": false
                }
            },
            "elements": [
                {
                    "id": "192691c3",
                    "settings": {
                        "_column_size": 100,
                        "_inline_size": null,
                        "content_position": "center",
                        "align": "center",
                        "padding": {
                            "unit": "em",
                            "top": "",
                            "right": "",
                            "bottom": "",
                            "left": "",
                            "isLinked": true
                        }
                    },
                    "elements": [
                        {
                            "id": "75f94ece",
                            "settings": {
                                "title": "404 \u2013 Oops, we couldn\u2019t find that page!",
                                "align": "left",
                                "_z_index": 2,
                                "_element_custom_width": {
                                    "unit": "px",
                                    "size": 700,
                                    "sizes": []
                                },
                                "__globals__": {
                                    "title_color": "globals\/colors?id=text",
                                    "typography_typography": "globals\/typography?id=5d167aa"
                                }
                            },
                            "elements": [],
                            "isInner": false,
                            "widgetType": "heading",
                            "elType": "widget"
                        },
                        {
                            "id": "1b71428a",
                            "settings": {
                                "title": "You may use the search box below to find what you\u2019re looking for, or start over from the home page",
                                "header_size": "div",
                                "title_color": "#151515",
                                "typography_typography": "custom",
                                "typography_font_family": "Ubuntu",
                                "typography_font_size": {
                                    "unit": "px",
                                    "size": 14,
                                    "sizes": []
                                },
                                "typography_font_size_tablet": {
                                    "unit": "px",
                                    "size": 16,
                                    "sizes": []
                                },
                                "typography_font_size_mobile": {
                                    "unit": "px",
                                    "size": 14,
                                    "sizes": []
                                },
                                "typography_font_weight": "500",
                                "typography_line_height": {
                                    "unit": "em",
                                    "size": 1.1999999999999999555910790149937383830547332763671875,
                                    "sizes": []
                                },
                                "_z_index": 2,
                                "_element_custom_width": {
                                    "unit": "px",
                                    "size": 700,
                                    "sizes": []
                                },
                                "__globals__": {
                                    "title_color": "globals\/colors?id=dea41e4",
                                    "typography_typography": ""
                                }
                            },
                            "elements": [],
                            "isInner": false,
                            "widgetType": "heading",
                            "elType": "widget"
                        },
                        {
                            "id": "bce37c7",
                            "settings": {
                                "placeholder": "Search...",
                                "search_align": "left",
                                "anchor_target": "",
                                "search_button": "yes",
                                "button_text": "Search",
                                "input_background_color": "#FFFFFF",
                                "input_border_color": "#7A7A7A",
                                "search_button_background_background": "classic",
                                "_z_index": 2,
                                "_animation": "bounceInLeft",
                                "_element_custom_width": {
                                    "unit": "px",
                                    "size": 700
                                },
                                "__globals__": {
                                    "search_container_background": "",
                                    "search_button_background_color": "globals\/colors?id=text",
                                    "input_background_color": "globals\/colors?id=a291686",
                                    "input_border_color": "globals\/colors?id=text",
                                    "input_border_color_focus": "globals\/colors?id=a185853",
                                    "search_button_text_color": "globals\/colors?id=a291686",
                                    "search_button_hover_text_color": "globals\/colors?id=a291686",
                                    "search_button_hover_background_color": "globals\/colors?id=a185853"
                                },
                                "search_button_hover_background_background": "classic"
                            },
                            "elements": [],
                            "isInner": false,
                            "widgetType": "bdt-search",
                            "elType": "widget"
                        },
                        {
                            "id": "51bf925d",
                            "settings": {
                                "image": {
                                    "url": "https:\/\/show.moxcreative.com\/techit\/wp-content\/uploads\/sites\/19\/2021\/11\/HD_M199_05_real-png.png",
                                    "id": 283,
                                    "alt": "",
                                    "source": "library"
                                },
                                "image_size": "full",
                                "width": {
                                    "unit": "%",
                                    "size": 100,
                                    "sizes": []
                                },
                                "height": {
                                    "unit": "px",
                                    "size": 300,
                                    "sizes": []
                                },
                                "object-fit": "contain",
                                "css_filters_css_filter": "custom",
                                "css_filters_saturate": {
                                    "unit": "px",
                                    "size": 0,
                                    "sizes": []
                                },
                                "_position": "absolute",
                                "_offset_x": {
                                    "size": 532,
                                    "unit": "px"
                                },
                                "_offset_y": {
                                    "size": -44,
                                    "unit": "px"
                                },
                                "_element_width_tablet": "initial",
                                "_element_custom_width_tablet": {
                                    "unit": "px",
                                    "size": 348
                                },
                                "_offset_x_tablet": {
                                    "size": 425,
                                    "unit": "px"
                                },
                                "_offset_y_tablet": {
                                    "size": -47,
                                    "unit": "px"
                                }
                            },
                            "elements": [],
                            "isInner": false,
                            "widgetType": "image",
                            "elType": "widget"
                        }
                    ],
                    "isInner": false,
                    "elType": "column"
                }
            ],
            "isInner": false,
            "elType": "section"
        }
    ]
}