{
    "version": "0.4",
    "title": "techit v1 &#8211; archive",
    "type": "archive",
    "metadata": {
        "template_type": "archive-blog",
        "include_in_zip": "1",
        "elementor_pro_required": "1",
        "elementor_library_type": "archive",
        "elementor_pro_conditions": [
            "include\/archive"
        ],
        "additional_template_information": [
            "This is a \"Archive\" template for Elementor Pro.",
            "This template will display on: All Archives."
        ],
        "wp_page_template": "default"
    },
    "content": [
        {
            "id": "134bdaa0",
            "settings": {
                "layout": "full_width",
                "background_background": "classic",
                "background_image": {
                    "url": "https:\/\/show.moxcreative.com\/techit\/wp-content\/uploads\/sites\/19\/2021\/11\/office-desktop-laptop-with-office-supplies-on-the-table-.jpg",
                    "id": 131,
                    "alt": "Office desktop. Laptop with office supplies on the table.",
                    "source": "library"
                },
                "background_position": "center center",
                "background_repeat": "no-repeat",
                "background_size": "cover",
                "margin": {
                    "unit": "em",
                    "top": "0",
                    "right": 0,
                    "bottom": "0",
                    "left": 0,
                    "isLinked": false
                },
                "padding": {
                    "unit": "em",
                    "top": "7",
                    "right": "5",
                    "bottom": "5",
                    "left": "5",
                    "isLinked": false
                },
                "background_overlay_background": "classic",
                "background_overlay_opacity": {
                    "unit": "px",
                    "size": 0.6999999999999999555910790149937383830547332763671875,
                    "sizes": []
                },
                "__globals__": {
                    "background_overlay_color": "globals\/colors?id=e356216"
                },
                "padding_tablet": {
                    "unit": "em",
                    "top": "5",
                    "right": "3",
                    "bottom": "3",
                    "left": "3",
                    "isLinked": false
                },
                "pa_condition_repeater": [
                    {
                        "_id": "559975d"
                    }
                ]
            },
            "elements": [
                {
                    "id": "5845fb3d",
                    "settings": {
                        "_column_size": 100,
                        "_inline_size": 100,
                        "align": "center",
                        "pa_condition_repeater": [
                            {
                                "_id": "53ad883"
                            }
                        ]
                    },
                    "elements": [
                        {
                            "id": "e66c9eb",
                            "settings": {
                                "title": "BLOG",
                                "align": "center",
                                "__globals__": {
                                    "title_color": "globals\/colors?id=a291686",
                                    "typography_typography": "globals\/typography?id=583e54c"
                                },
                                "title_color": "#FFFFFF",
                                "_element_custom_width_tablet": {
                                    "unit": "px",
                                    "size": 500,
                                    "sizes": []
                                },
                                "_animation": "fadeIn",
                                "animation_duration": "slow",
                                "pa_condition_repeater": [
                                    {
                                        "_id": "a6b5190"
                                    }
                                ],
                                "header_size": "div"
                            },
                            "elements": [],
                            "isInner": false,
                            "widgetType": "heading",
                            "elType": "widget"
                        },
                        {
                            "id": "3aa2cc40",
                            "settings": {
                                "align": "center",
                                "_element_width": "initial",
                                "_element_custom_width": {
                                    "unit": "px",
                                    "size": 500,
                                    "sizes": []
                                },
                                "_element_vertical_align": "center",
                                "text_color": "#BBBBBB",
                                "__globals__": {
                                    "text_color": "globals\/colors?id=91455cb",
                                    "typography_typography": "globals\/typography?id=b2ce6af"
                                },
                                "_animation": "fadeInUp",
                                "animation_duration": "slow",
                                "_animation_delay": 360,
                                "pa_condition_repeater": [
                                    {
                                        "_id": "ebcfdd5"
                                    }
                                ]
                            },
                            "elements": [],
                            "isInner": false,
                            "widgetType": "text-editor",
                            "elType": "widget"
                        }
                    ],
                    "isInner": false,
                    "elType": "column"
                }
            ],
            "isInner": false,
            "elType": "section"
        },
        {
            "id": "1e5a704f",
            "settings": {
                "structure": "22",
                "padding": {
                    "unit": "em",
                    "top": "5",
                    "right": "5",
                    "bottom": "5",
                    "left": "5",
                    "isLinked": false
                },
                "padding_tablet": {
                    "unit": "em",
                    "top": "2",
                    "right": "1",
                    "bottom": "3",
                    "left": "1",
                    "isLinked": false
                },
                "pa_condition_repeater": [
                    {
                        "_id": "a5d5933"
                    }
                ]
            },
            "elements": [
                {
                    "id": "35e7f002",
                    "settings": {
                        "_column_size": 66,
                        "_inline_size": null,
                        "padding": {
                            "unit": "em",
                            "top": "2",
                            "right": "3",
                            "bottom": "0",
                            "left": "2",
                            "isLinked": false
                        },
                        "padding_tablet": {
                            "unit": "em",
                            "top": "2",
                            "right": "2",
                            "bottom": "3",
                            "left": "1",
                            "isLinked": false
                        },
                        "padding_mobile": {
                            "unit": "em",
                            "top": "2",
                            "right": "1",
                            "bottom": "3",
                            "left": "1",
                            "isLinked": false
                        },
                        "pa_condition_repeater": [
                            {
                                "_id": "194586e"
                            }
                        ],
                        "_inline_size_tablet": 100
                    },
                    "elements": [
                        {
                            "id": "57d9306a",
                            "settings": {
                                "classic_columns": "1",
                                "classic_posts_per_page": 3,
                                "classic_title_tag": "div",
                                "classic_excerpt_length": 40,
                                "classic_meta_separator": "|",
                                "classic_read_more_text": "Read More \u00bb",
                                "cards_meta_separator": "\u2022",
                                "cards_read_more_text": "Read More \u00bb",
                                "full_content_meta_separator": "\/\/\/",
                                "classic_box_border_width": {
                                    "unit": "px",
                                    "top": "0",
                                    "right": "0",
                                    "bottom": "1",
                                    "left": "0",
                                    "isLinked": false
                                },
                                "classic_box_border_color": "#BBBBBB",
                                "classic_img_border_radius": {
                                    "unit": "px",
                                    "top": "5",
                                    "right": "5",
                                    "bottom": "5",
                                    "left": "5",
                                    "isLinked": true
                                },
                                "classic_image_spacing": {
                                    "unit": "px",
                                    "size": 30,
                                    "sizes": []
                                },
                                "classic_title_color": "#151515",
                                "classic_title_typography_typography": "custom",
                                "classic_title_typography_font_family": "Ubuntu",
                                "classic_title_typography_font_size": {
                                    "unit": "px",
                                    "size": 36,
                                    "sizes": []
                                },
                                "classic_title_typography_font_size_tablet": {
                                    "unit": "px",
                                    "size": 24,
                                    "sizes": []
                                },
                                "classic_title_typography_font_size_mobile": {
                                    "unit": "px",
                                    "size": 24,
                                    "sizes": []
                                },
                                "classic_title_typography_font_weight": "600",
                                "classic_title_typography_line_height": {
                                    "unit": "em",
                                    "size": 1.100000000000000088817841970012523233890533447265625,
                                    "sizes": []
                                },
                                "classic_title_spacing": {
                                    "unit": "px",
                                    "size": 10,
                                    "sizes": []
                                },
                                "classic_meta_color": "#7A7A7A",
                                "classic_meta_separator_color": "#7A7A7A",
                                "classic_meta_typography_typography": "custom",
                                "classic_meta_typography_font_family": "Heebo",
                                "classic_meta_typography_font_size": {
                                    "unit": "px",
                                    "size": 13,
                                    "sizes": []
                                },
                                "classic_meta_typography_font_size_tablet": {
                                    "unit": "px",
                                    "size": 12,
                                    "sizes": []
                                },
                                "classic_meta_typography_font_size_mobile": {
                                    "unit": "px",
                                    "size": 11,
                                    "sizes": []
                                },
                                "classic_meta_typography_font_weight": "300",
                                "classic_meta_typography_line_height": {
                                    "unit": "em",
                                    "size": "",
                                    "sizes": []
                                },
                                "classic_meta_spacing": {
                                    "unit": "px",
                                    "size": 25,
                                    "sizes": []
                                },
                                "classic_excerpt_spacing": {
                                    "unit": "px",
                                    "size": 25,
                                    "sizes": []
                                },
                                "classic_read_more_color": "#37C878",
                                "classic_read_more_typography_typography": "custom",
                                "classic_read_more_typography_font_family": "Ubuntu",
                                "classic_read_more_typography_font_size": {
                                    "unit": "px",
                                    "size": 15,
                                    "sizes": []
                                },
                                "classic_read_more_typography_font_size_tablet": {
                                    "unit": "px",
                                    "size": 15,
                                    "sizes": []
                                },
                                "classic_read_more_typography_font_size_mobile": {
                                    "unit": "px",
                                    "size": 14,
                                    "sizes": []
                                },
                                "classic_read_more_typography_line_height": {
                                    "unit": "em",
                                    "size": 1.5,
                                    "sizes": []
                                },
                                "classic_read_more_spacing": {
                                    "unit": "px",
                                    "size": 25,
                                    "sizes": []
                                },
                                "pagination_type": "numbers_and_prev_next",
                                "pagination_page_limit": "6",
                                "pagination_numbers_shorten": "yes",
                                "pagination_prev_label": "&laquo; Previous",
                                "pagination_next_label": "Next &raquo;",
                                "text": "Load More",
                                "load_more_no_posts_custom_message": "No more posts to show",
                                "pagination_typography_typography": "custom",
                                "pagination_typography_font_family": "Ubuntu",
                                "pagination_typography_font_size": {
                                    "unit": "px",
                                    "size": 16,
                                    "sizes": []
                                },
                                "pagination_typography_font_size_tablet": {
                                    "unit": "px",
                                    "size": 15,
                                    "sizes": []
                                },
                                "pagination_typography_font_size_mobile": {
                                    "unit": "px",
                                    "size": 14,
                                    "sizes": []
                                },
                                "pagination_typography_line_height": {
                                    "unit": "em",
                                    "size": 1.5,
                                    "sizes": []
                                },
                                "pagination_color": "#151515",
                                "pagination_hover_color": "#37C878",
                                "pagination_active_color": "#37C878",
                                "__globals__": {
                                    "classic_title_color": "globals\/colors?id=21edf11",
                                    "classic_title_typography_typography": "globals\/typography?id=d3dae9a",
                                    "classic_meta_color": "globals\/colors?id=text",
                                    "classic_meta_separator_color": "globals\/colors?id=text",
                                    "classic_meta_typography_typography": "globals\/typography?id=112b6c4",
                                    "pagination_typography_typography": "",
                                    "pagination_color": "globals\/colors?id=21edf11",
                                    "pagination_hover_color": "globals\/colors?id=a185853",
                                    "pagination_active_color": "globals\/colors?id=a185853",
                                    "classic_read_more_color": "globals\/colors?id=a185853",
                                    "classic_read_more_typography_typography": "",
                                    "classic_box_border_color": "globals\/colors?id=91455cb",
                                    "classic_excerpt_color": "globals\/colors?id=text",
                                    "classic_excerpt_typography_typography": ""
                                },
                                "classic_thumbnail_size_size": "full",
                                "classic_item_ratio": {
                                    "unit": "px",
                                    "size": 0.59999999999999997779553950749686919152736663818359375,
                                    "sizes": []
                                },
                                "classic_excerpt_color": "#7A7A7A",
                                "classic_excerpt_typography_typography": "custom",
                                "classic_excerpt_typography_font_family": "Heebo",
                                "classic_excerpt_typography_font_size": {
                                    "unit": "px",
                                    "size": 16,
                                    "sizes": []
                                },
                                "classic_excerpt_typography_font_size_tablet": {
                                    "unit": "px",
                                    "size": 15,
                                    "sizes": []
                                },
                                "classic_excerpt_typography_font_size_mobile": {
                                    "unit": "px",
                                    "size": 14,
                                    "sizes": []
                                },
                                "classic_excerpt_typography_line_height": {
                                    "unit": "em",
                                    "size": 1.5,
                                    "sizes": []
                                },
                                "classic_columns_tablet": "1",
                                "classic_item_ratio_mobile": {
                                    "unit": "px",
                                    "size": 0.59999999999999997779553950749686919152736663818359375,
                                    "sizes": []
                                },
                                "pa_condition_repeater": [
                                    {
                                        "_id": "3b4bbc7"
                                    }
                                ]
                            },
                            "elements": [],
                            "isInner": false,
                            "widgetType": "posts",
                            "elType": "widget"
                        }
                    ],
                    "isInner": false,
                    "elType": "column"
                },
                {
                    "id": "5cd7181a",
                    "settings": {
                        "_column_size": 33,
                        "_inline_size": null,
                        "padding": {
                            "unit": "em",
                            "top": "0",
                            "right": "1",
                            "bottom": "0",
                            "left": "2",
                            "isLinked": false
                        },
                        "padding_tablet": {
                            "unit": "em",
                            "top": "1",
                            "right": "1",
                            "bottom": "1",
                            "left": "1",
                            "isLinked": true
                        },
                        "pa_condition_repeater": [
                            {
                                "_id": "825669f"
                            }
                        ],
                        "_inline_size_tablet": 100,
                        "padding_mobile": {
                            "unit": "em",
                            "top": "0",
                            "right": "0",
                            "bottom": "0",
                            "left": "0",
                            "isLinked": true
                        }
                    },
                    "elements": [
                        {
                            "id": "d8c956f",
                            "settings": {
                                "padding": {
                                    "unit": "em",
                                    "top": "1",
                                    "right": "0",
                                    "bottom": "3",
                                    "left": "0",
                                    "isLinked": false
                                },
                                "sticky": "top",
                                "sticky_on": [
                                    "desktop"
                                ],
                                "sticky_parent": "yes",
                                "pa_condition_repeater": [
                                    {
                                        "_id": "6fe95eb"
                                    }
                                ]
                            },
                            "elements": [
                                {
                                    "id": "793407af",
                                    "settings": {
                                        "_column_size": 100,
                                        "_inline_size": null,
                                        "space_between_widgets": 35,
                                        "pa_condition_repeater": [
                                            {
                                                "_id": "2d71c74"
                                            }
                                        ],
                                        "align": "center",
                                        "padding_tablet": {
                                            "unit": "em",
                                            "top": "1",
                                            "right": "1",
                                            "bottom": "1",
                                            "left": "1",
                                            "isLinked": true
                                        }
                                    },
                                    "elements": [
                                        {
                                            "id": "652f6763",
                                            "settings": {
                                                "title": "Latest News",
                                                "header_size": "div",
                                                "align": "left",
                                                "__globals__": {
                                                    "title_color": "globals\/colors?id=21edf11",
                                                    "typography_typography": "globals\/typography?id=83682a1"
                                                },
                                                "pa_condition_repeater": [
                                                    {
                                                        "_id": "493704d"
                                                    }
                                                ]
                                            },
                                            "elements": [],
                                            "isInner": false,
                                            "widgetType": "heading",
                                            "elType": "widget"
                                        },
                                        {
                                            "id": "525f1c12",
                                            "settings": {
                                                "classic_columns": "1",
                                                "classic_thumbnail": "left",
                                                "classic_item_ratio": {
                                                    "unit": "px",
                                                    "size": 1,
                                                    "sizes": []
                                                },
                                                "classic_image_width": {
                                                    "unit": "%",
                                                    "size": 22,
                                                    "sizes": []
                                                },
                                                "classic_title_tag": "div",
                                                "classic_show_excerpt": "",
                                                "classic_meta_separator": ".",
                                                "classic_show_read_more": "",
                                                "classic_read_more_text": "Read More \u00bb",
                                                "cards_meta_separator": "\u2022",
                                                "cards_read_more_text": "Read More \u00bb",
                                                "full_content_meta_separator": "\/\/\/",
                                                "classic_column_gap": {
                                                    "unit": "px",
                                                    "size": 21,
                                                    "sizes": []
                                                },
                                                "classic_row_gap": {
                                                    "unit": "px",
                                                    "size": 14,
                                                    "sizes": []
                                                },
                                                "classic_box_border_width": {
                                                    "unit": "px",
                                                    "top": "0",
                                                    "right": "0",
                                                    "bottom": "1",
                                                    "left": "0",
                                                    "isLinked": false
                                                },
                                                "classic_img_border_radius": {
                                                    "unit": "px",
                                                    "top": "5",
                                                    "right": "5",
                                                    "bottom": "5",
                                                    "left": "5",
                                                    "isLinked": true
                                                },
                                                "classic_image_spacing": {
                                                    "unit": "px",
                                                    "size": 14,
                                                    "sizes": []
                                                },
                                                "classic_title_color": "#17224D",
                                                "classic_title_typography_typography": "custom",
                                                "classic_title_typography_font_family": "Heebo",
                                                "classic_title_typography_font_size": {
                                                    "unit": "px",
                                                    "size": 16,
                                                    "sizes": []
                                                },
                                                "classic_title_typography_font_size_tablet": {
                                                    "unit": "px",
                                                    "size": 15,
                                                    "sizes": []
                                                },
                                                "classic_title_typography_font_size_mobile": {
                                                    "unit": "px",
                                                    "size": 14,
                                                    "sizes": []
                                                },
                                                "classic_title_typography_line_height": {
                                                    "unit": "em",
                                                    "size": 1.5,
                                                    "sizes": []
                                                },
                                                "classic_meta_typography_typography": "custom",
                                                "classic_meta_typography_font_family": "Heebo",
                                                "classic_meta_typography_font_size": {
                                                    "unit": "px",
                                                    "size": 13,
                                                    "sizes": []
                                                },
                                                "classic_meta_typography_font_size_tablet": {
                                                    "unit": "px",
                                                    "size": 12,
                                                    "sizes": []
                                                },
                                                "classic_meta_typography_font_size_mobile": {
                                                    "unit": "px",
                                                    "size": 11,
                                                    "sizes": []
                                                },
                                                "classic_meta_typography_font_weight": "300",
                                                "classic_meta_typography_line_height": {
                                                    "unit": "em",
                                                    "size": "",
                                                    "sizes": []
                                                },
                                                "pagination_page_limit": "5",
                                                "pagination_prev_label": "&laquo; Previous",
                                                "pagination_next_label": "Next &raquo;",
                                                "text": "Load More",
                                                "load_more_no_posts_custom_message": "No more posts to show",
                                                "pa_condition_repeater": [
                                                    {
                                                        "_id": "a9e7212"
                                                    }
                                                ],
                                                "__globals__": {
                                                    "classic_title_typography_typography": "globals\/typography?id=b2ce6af",
                                                    "classic_meta_typography_typography": "globals\/typography?id=112b6c4",
                                                    "classic_title_color": "globals\/colors?id=dea41e4",
                                                    "classic_box_border_color": "globals\/colors?id=308e809"
                                                },
                                                "classic_item_ratio_mobile": {
                                                    "unit": "px",
                                                    "size": 1,
                                                    "sizes": []
                                                },
                                                "classic_image_width_mobile": {
                                                    "unit": "%",
                                                    "size": 20,
                                                    "sizes": []
                                                }
                                            },
                                            "elements": [],
                                            "isInner": false,
                                            "widgetType": "posts",
                                            "elType": "widget"
                                        },
                                        {
                                            "id": "75b242f1",
                                            "settings": {
                                                "space_mobile": {
                                                    "unit": "px",
                                                    "size": 20,
                                                    "sizes": []
                                                },
                                                "space": {
                                                    "unit": "px",
                                                    "size": 10,
                                                    "sizes": []
                                                },
                                                "pa_condition_repeater": [
                                                    {
                                                        "_id": "92dc426"
                                                    }
                                                ]
                                            },
                                            "elements": [],
                                            "isInner": false,
                                            "widgetType": "spacer",
                                            "elType": "widget"
                                        },
                                        {
                                            "id": "47f7d31e",
                                            "settings": {
                                                "premium_title_text": "Play  the video below to look our latest project.",
                                                "premium_title_tag": "div",
                                                "background_text": "Awesome Title",
                                                "pa_condition_repeater": [
                                                    {
                                                        "_id": "ddb4adf"
                                                    }
                                                ],
                                                "__globals__": {
                                                    "premium_title_color": "globals\/colors?id=21edf11",
                                                    "title_typography_typography": "globals\/typography?id=7044a64",
                                                    "style_one_border_color": "globals\/colors?id=21edf11"
                                                }
                                            },
                                            "elements": [],
                                            "isInner": false,
                                            "widgetType": "premium-addon-title",
                                            "elType": "widget"
                                        },
                                        {
                                            "id": "96f2379",
                                            "settings": {
                                                "playlist_id": "PLLpZVOYpMtTArB4hrlpSnDJB36D2sdoTv",
                                                "channel_id": "UCXcJ9BeO2sKKHor7Q9VglTQ",
                                                "premium_video_box_link": "https:\/\/www.youtube.com\/watch?v=07d2dXHYb94",
                                                "sticky_info_bar_text": "Watching: Sticky Video",
                                                "aspect_ratio": "11",
                                                "premium_video_box_img_effect": "gray",
                                                "premium_video_box_image": {
                                                    "url": "https:\/\/show.moxcreative.com\/techit\/wp-content\/uploads\/sites\/19\/2021\/11\/man-managing-network-of-data-center-from-computer.jpg",
                                                    "id": 110,
                                                    "alt": "Man managing network of data center from computer",
                                                    "source": "library"
                                                },
                                                "premium_video_box_description_text": "Play Video",
                                                "premium_video_box_image_border_radius": {
                                                    "unit": "px",
                                                    "size": 5,
                                                    "sizes": []
                                                },
                                                "__globals__": {
                                                    "premium_video_box_play_icon_color": "globals\/colors?id=a185853",
                                                    "premium_video_box_play_icon_color_hover": "globals\/colors?id=text",
                                                    "premium_video_box_play_icon_background_color_color": "globals\/colors?id=8649808"
                                                },
                                                "premium_video_box_mute": "yes",
                                                "premium_video_box_icon_padding": {
                                                    "unit": "px",
                                                    "top": "30",
                                                    "right": "30",
                                                    "bottom": "30",
                                                    "left": "30",
                                                    "isLinked": true
                                                },
                                                "pa_condition_repeater": [
                                                    {
                                                        "_id": "1db964c"
                                                    }
                                                ]
                                            },
                                            "elements": [],
                                            "isInner": false,
                                            "widgetType": "premium-addon-video-box",
                                            "elType": "widget"
                                        }
                                    ],
                                    "isInner": true,
                                    "elType": "column"
                                }
                            ],
                            "isInner": true,
                            "elType": "section"
                        }
                    ],
                    "isInner": false,
                    "elType": "column"
                }
            ],
            "isInner": false,
            "elType": "section"
        }
    ]
}