{
    "version": "0.4",
    "title": "techit v1 &#8211; footer",
    "type": "footer",
    "metadata": {
        "template_type": "section-footer",
        "include_in_zip": "1",
        "elementor_pro_required": "1",
        "elementor_library_type": "footer",
        "elementor_pro_conditions": [
            "include\/general"
        ],
        "additional_template_information": [
            "This is a \"Footer\" template for Elementor Pro.",
            "This template will display on: Entire Site."
        ],
        "wp_page_template": "default"
    },
    "content": [
        {
            "id": "4836bb95",
            "settings": {
                "background_background": "classic",
                "background_color": "#1C1C1C",
                "padding": {
                    "unit": "em",
                    "top": "5",
                    "right": "0",
                    "bottom": "2",
                    "left": "0",
                    "isLinked": false
                },
                "__globals__": {
                    "background_color": ""
                },
                "padding_mobile": {
                    "unit": "em",
                    "top": "3",
                    "right": "0",
                    "bottom": "2",
                    "left": "0",
                    "isLinked": false
                },
                "pa_condition_repeater": [
                    {
                        "_id": "6ac99ca"
                    }
                ]
            },
            "elements": [
                {
                    "id": "20ad638a",
                    "settings": {
                        "_column_size": 100,
                        "_inline_size": null,
                        "padding": {
                            "unit": "em",
                            "top": "0",
                            "right": "0",
                            "bottom": "0",
                            "left": "0",
                            "isLinked": false
                        },
                        "padding_tablet": {
                            "unit": "em",
                            "top": "0",
                            "right": "0",
                            "bottom": "0",
                            "left": "0",
                            "isLinked": false
                        },
                        "padding_mobile": {
                            "unit": "em",
                            "top": "0",
                            "right": "0",
                            "bottom": "0",
                            "left": "0",
                            "isLinked": false
                        },
                        "pa_condition_repeater": [
                            {
                                "_id": "ea8d9eb"
                            }
                        ]
                    },
                    "elements": [
                        {
                            "id": "77affff5",
                            "settings": {
                                "structure": "40",
                                "padding": {
                                    "unit": "em",
                                    "top": "0",
                                    "right": "3",
                                    "bottom": "0",
                                    "left": "3",
                                    "isLinked": false
                                },
                                "padding_tablet": {
                                    "unit": "em",
                                    "top": "0",
                                    "right": "2",
                                    "bottom": "0",
                                    "left": "2",
                                    "isLinked": false
                                },
                                "padding_mobile": {
                                    "unit": "em",
                                    "top": "0",
                                    "right": "1",
                                    "bottom": "0",
                                    "left": "1",
                                    "isLinked": false
                                },
                                "pa_condition_repeater": [
                                    {
                                        "_id": "d595ff1"
                                    }
                                ]
                            },
                            "elements": [
                                {
                                    "id": "7dca92e4",
                                    "settings": {
                                        "_column_size": 25,
                                        "_inline_size": 40,
                                        "padding": {
                                            "unit": "em",
                                            "top": "1",
                                            "right": "5",
                                            "bottom": "1",
                                            "left": "1",
                                            "isLinked": false
                                        },
                                        "_inline_size_tablet": 35,
                                        "space_between_widgets_mobile": 5,
                                        "padding_tablet": {
                                            "unit": "em",
                                            "top": "1",
                                            "right": "1",
                                            "bottom": "1",
                                            "left": "1",
                                            "isLinked": true
                                        },
                                        "padding_mobile": {
                                            "unit": "em",
                                            "top": "1",
                                            "right": "1",
                                            "bottom": "3",
                                            "left": "1",
                                            "isLinked": false
                                        },
                                        "pa_condition_repeater": [
                                            {
                                                "_id": "51d97e9"
                                            }
                                        ]
                                    },
                                    "elements": [
                                        {
                                            "id": "73d250e4",
                                            "settings": {
                                                "image": {
                                                    "url": "https:\/\/show.moxcreative.com\/techit\/wp-content\/uploads\/sites\/19\/2021\/11\/Logo_6_white.png",
                                                    "id": 227,
                                                    "alt": "",
                                                    "source": "library"
                                                },
                                                "image_size": "custom",
                                                "image_custom_dimension": {
                                                    "width": "",
                                                    "height": "50"
                                                },
                                                "align": "left",
                                                "align_mobile": "center",
                                                "link_to": "custom",
                                                "link": {
                                                    "url": "#",
                                                    "is_external": "",
                                                    "nofollow": "",
                                                    "custom_attributes": ""
                                                },
                                                "pa_condition_repeater": [
                                                    {
                                                        "_id": "d3ca8db"
                                                    }
                                                ]
                                            },
                                            "elements": [],
                                            "isInner": false,
                                            "widgetType": "image",
                                            "elType": "widget"
                                        },
                                        {
                                            "id": "62c43a73",
                                            "settings": {
                                                "align": "left",
                                                "text_color": "#BBBBBB",
                                                "__globals__": {
                                                    "text_color": "globals\/colors?id=91455cb",
                                                    "typography_typography": "globals\/typography?id=69c152f"
                                                },
                                                "align_mobile": "center",
                                                "pa_condition_repeater": [
                                                    {
                                                        "_id": "0cd4284"
                                                    }
                                                ]
                                            },
                                            "elements": [],
                                            "isInner": false,
                                            "widgetType": "text-editor",
                                            "elType": "widget"
                                        },
                                        {
                                            "id": "f9d290d",
                                            "settings": {
                                                "social_icon_list": [
                                                    {
                                                        "social_icon": {
                                                            "value": "fab fa-facebook",
                                                            "library": "fa-brands"
                                                        },
                                                        "_id": "6ac21eb"
                                                    },
                                                    {
                                                        "social_icon": {
                                                            "value": "fab fa-twitter",
                                                            "library": "fa-brands"
                                                        },
                                                        "_id": "c70419a"
                                                    },
                                                    {
                                                        "social_icon": {
                                                            "value": "fab fa-youtube",
                                                            "library": "fa-brands"
                                                        },
                                                        "_id": "501d1bf"
                                                    },
                                                    {
                                                        "_id": "8784f92",
                                                        "social_icon": {
                                                            "value": "fab fa-linkedin",
                                                            "library": "fa-brands"
                                                        }
                                                    },
                                                    {
                                                        "_id": "e8ad09e",
                                                        "social_icon": {
                                                            "value": "fab fa-instagram",
                                                            "library": "fa-brands"
                                                        }
                                                    }
                                                ],
                                                "shape": "circle",
                                                "align": "left",
                                                "icon_color": "custom",
                                                "icon_primary_color": "#FFFFFF00",
                                                "icon_secondary_color": "#37C878",
                                                "icon_size": {
                                                    "unit": "px",
                                                    "size": 30,
                                                    "sizes": []
                                                },
                                                "icon_padding": {
                                                    "unit": "em",
                                                    "size": 0,
                                                    "sizes": []
                                                },
                                                "icon_spacing": {
                                                    "unit": "px",
                                                    "size": 21,
                                                    "sizes": []
                                                },
                                                "__globals__": {
                                                    "icon_primary_color": "",
                                                    "icon_secondary_color": "globals\/colors?id=text",
                                                    "hover_secondary_color": "globals\/colors?id=a185853"
                                                },
                                                "align_tablet": "left",
                                                "align_mobile": "center",
                                                "icon_size_tablet": {
                                                    "unit": "px",
                                                    "size": 25,
                                                    "sizes": []
                                                },
                                                "icon_size_mobile": {
                                                    "unit": "px",
                                                    "size": 25,
                                                    "sizes": []
                                                },
                                                "hover_primary_color": "#FFFFFF00",
                                                "pa_condition_repeater": [
                                                    {
                                                        "_id": "16178b9"
                                                    }
                                                ]
                                            },
                                            "elements": [],
                                            "isInner": false,
                                            "widgetType": "social-icons",
                                            "elType": "widget"
                                        }
                                    ],
                                    "isInner": true,
                                    "elType": "column"
                                },
                                {
                                    "id": "abdc552",
                                    "settings": {
                                        "_column_size": 25,
                                        "_inline_size": 20,
                                        "space_between_widgets": 5,
                                        "padding": {
                                            "unit": "em",
                                            "top": "1",
                                            "right": "1",
                                            "bottom": "1",
                                            "left": "1",
                                            "isLinked": true
                                        },
                                        "_inline_size_mobile": 50,
                                        "pa_condition_repeater": [
                                            {
                                                "_id": "95ee0c9"
                                            }
                                        ]
                                    },
                                    "elements": [
                                        {
                                            "id": "629625e5",
                                            "settings": {
                                                "title": "Company",
                                                "header_size": "div",
                                                "align": "left",
                                                "_padding": {
                                                    "unit": "em",
                                                    "top": "0",
                                                    "right": "0",
                                                    "bottom": "1",
                                                    "left": "0",
                                                    "isLinked": false
                                                },
                                                "__globals__": {
                                                    "title_color": "globals\/colors?id=308e809",
                                                    "typography_typography": "globals\/typography?id=7044a64"
                                                },
                                                "pa_condition_repeater": [
                                                    {
                                                        "_id": "d10bd52"
                                                    }
                                                ]
                                            },
                                            "elements": [],
                                            "isInner": false,
                                            "widgetType": "heading",
                                            "elType": "widget"
                                        },
                                        {
                                            "id": "262a2809",
                                            "settings": {
                                                "icon_list": [
                                                    {
                                                        "text": "About TechiT",
                                                        "selected_icon": {
                                                            "value": "",
                                                            "library": ""
                                                        },
                                                        "_id": "f996d2b",
                                                        "link": {
                                                            "url": "#",
                                                            "is_external": "",
                                                            "nofollow": "",
                                                            "custom_attributes": ""
                                                        }
                                                    },
                                                    {
                                                        "text": "Careers",
                                                        "selected_icon": {
                                                            "value": "",
                                                            "library": ""
                                                        },
                                                        "link": {
                                                            "url": "#",
                                                            "is_external": "",
                                                            "nofollow": "",
                                                            "custom_attributes": ""
                                                        },
                                                        "_id": "c28a9c8"
                                                    },
                                                    {
                                                        "text": "Services",
                                                        "selected_icon": {
                                                            "value": "",
                                                            "library": ""
                                                        },
                                                        "link": {
                                                            "url": "#",
                                                            "is_external": "",
                                                            "nofollow": "",
                                                            "custom_attributes": ""
                                                        },
                                                        "_id": "7320e27"
                                                    },
                                                    {
                                                        "text": "Contact",
                                                        "selected_icon": {
                                                            "value": "",
                                                            "library": ""
                                                        },
                                                        "link": {
                                                            "url": "#",
                                                            "is_external": "",
                                                            "nofollow": "",
                                                            "custom_attributes": ""
                                                        },
                                                        "_id": "ce79d0f"
                                                    },
                                                    {
                                                        "text": "Portfolio",
                                                        "selected_icon": {
                                                            "value": "",
                                                            "library": ""
                                                        },
                                                        "link": {
                                                            "url": "#",
                                                            "is_external": "",
                                                            "nofollow": "",
                                                            "custom_attributes": ""
                                                        },
                                                        "_id": "2ab0c52"
                                                    }
                                                ],
                                                "space_between": {
                                                    "unit": "px",
                                                    "size": 5,
                                                    "sizes": []
                                                },
                                                "icon_align": "left",
                                                "text_color": "#BBBBBB",
                                                "text_color_hover": "#7A7A7A",
                                                "icon_typography_typography": "custom",
                                                "icon_typography_font_family": "Ubuntu",
                                                "icon_typography_font_size": {
                                                    "unit": "px",
                                                    "size": 16,
                                                    "sizes": []
                                                },
                                                "icon_typography_font_size_tablet": {
                                                    "unit": "px",
                                                    "size": 15,
                                                    "sizes": []
                                                },
                                                "icon_typography_font_size_mobile": {
                                                    "unit": "px",
                                                    "size": 14,
                                                    "sizes": []
                                                },
                                                "icon_typography_line_height": {
                                                    "unit": "em",
                                                    "size": 1.5,
                                                    "sizes": []
                                                },
                                                "__globals__": {
                                                    "text_color": "globals\/colors?id=91455cb",
                                                    "text_color_hover": "globals\/colors?id=text",
                                                    "icon_typography_typography": ""
                                                },
                                                "pa_condition_repeater": [
                                                    {
                                                        "_id": "0a25bb1"
                                                    }
                                                ]
                                            },
                                            "elements": [],
                                            "isInner": false,
                                            "widgetType": "icon-list",
                                            "elType": "widget"
                                        }
                                    ],
                                    "isInner": true,
                                    "elType": "column"
                                },
                                {
                                    "id": "6d9d328f",
                                    "settings": {
                                        "_column_size": 25,
                                        "_inline_size": 20,
                                        "space_between_widgets": 5,
                                        "padding": {
                                            "unit": "em",
                                            "top": "1",
                                            "right": "1",
                                            "bottom": "1",
                                            "left": "1",
                                            "isLinked": true
                                        },
                                        "_inline_size_mobile": 50,
                                        "pa_condition_repeater": [
                                            {
                                                "_id": "964b1a3"
                                            }
                                        ]
                                    },
                                    "elements": [
                                        {
                                            "id": "2c5f966d",
                                            "settings": {
                                                "title": "Resources",
                                                "header_size": "div",
                                                "align": "left",
                                                "_padding": {
                                                    "unit": "em",
                                                    "top": "0",
                                                    "right": "0",
                                                    "bottom": "1",
                                                    "left": "0",
                                                    "isLinked": false
                                                },
                                                "__globals__": {
                                                    "title_color": "globals\/colors?id=308e809",
                                                    "typography_typography": "globals\/typography?id=7044a64"
                                                },
                                                "pa_condition_repeater": [
                                                    {
                                                        "_id": "8ec1742"
                                                    }
                                                ]
                                            },
                                            "elements": [],
                                            "isInner": false,
                                            "widgetType": "heading",
                                            "elType": "widget"
                                        },
                                        {
                                            "id": "76ce546e",
                                            "settings": {
                                                "icon_list": [
                                                    {
                                                        "text": "Developers",
                                                        "selected_icon": {
                                                            "value": "",
                                                            "library": ""
                                                        },
                                                        "_id": "f996d2b",
                                                        "link": {
                                                            "url": "#",
                                                            "is_external": "",
                                                            "nofollow": "",
                                                            "custom_attributes": ""
                                                        }
                                                    },
                                                    {
                                                        "text": "Investors",
                                                        "selected_icon": {
                                                            "value": "",
                                                            "library": ""
                                                        },
                                                        "link": {
                                                            "url": "#",
                                                            "is_external": "",
                                                            "nofollow": "",
                                                            "custom_attributes": ""
                                                        },
                                                        "_id": "c28a9c8"
                                                    },
                                                    {
                                                        "text": "Partners",
                                                        "selected_icon": {
                                                            "value": "",
                                                            "library": ""
                                                        },
                                                        "link": {
                                                            "url": "#",
                                                            "is_external": "",
                                                            "nofollow": "",
                                                            "custom_attributes": ""
                                                        },
                                                        "_id": "7320e27"
                                                    },
                                                    {
                                                        "text": "Startups",
                                                        "selected_icon": {
                                                            "value": "",
                                                            "library": ""
                                                        },
                                                        "link": {
                                                            "url": "#",
                                                            "is_external": "",
                                                            "nofollow": "",
                                                            "custom_attributes": ""
                                                        },
                                                        "_id": "ce79d0f"
                                                    },
                                                    {
                                                        "text": "Events",
                                                        "selected_icon": {
                                                            "value": "",
                                                            "library": ""
                                                        },
                                                        "link": {
                                                            "url": "#",
                                                            "is_external": "",
                                                            "nofollow": "",
                                                            "custom_attributes": ""
                                                        },
                                                        "_id": "2ab0c52"
                                                    }
                                                ],
                                                "space_between": {
                                                    "unit": "px",
                                                    "size": 5,
                                                    "sizes": []
                                                },
                                                "icon_align": "left",
                                                "text_color": "#BBBBBB",
                                                "text_color_hover": "#7A7A7A",
                                                "icon_typography_typography": "custom",
                                                "icon_typography_font_family": "Ubuntu",
                                                "icon_typography_font_size": {
                                                    "unit": "px",
                                                    "size": 16,
                                                    "sizes": []
                                                },
                                                "icon_typography_font_size_tablet": {
                                                    "unit": "px",
                                                    "size": 15,
                                                    "sizes": []
                                                },
                                                "icon_typography_font_size_mobile": {
                                                    "unit": "px",
                                                    "size": 14,
                                                    "sizes": []
                                                },
                                                "icon_typography_line_height": {
                                                    "unit": "em",
                                                    "size": 1.5,
                                                    "sizes": []
                                                },
                                                "__globals__": {
                                                    "text_color": "globals\/colors?id=91455cb",
                                                    "text_color_hover": "globals\/colors?id=text",
                                                    "icon_typography_typography": ""
                                                },
                                                "pa_condition_repeater": [
                                                    {
                                                        "_id": "02721a3"
                                                    }
                                                ]
                                            },
                                            "elements": [],
                                            "isInner": false,
                                            "widgetType": "icon-list",
                                            "elType": "widget"
                                        }
                                    ],
                                    "isInner": true,
                                    "elType": "column"
                                },
                                {
                                    "id": "2fad2daa",
                                    "settings": {
                                        "_column_size": 25,
                                        "_inline_size": 20,
                                        "padding": {
                                            "unit": "em",
                                            "top": "1",
                                            "right": "1",
                                            "bottom": "1",
                                            "left": "1",
                                            "isLinked": true
                                        },
                                        "_inline_size_tablet": 25,
                                        "pa_condition_repeater": [
                                            {
                                                "_id": "60c83c3"
                                            }
                                        ]
                                    },
                                    "elements": [
                                        {
                                            "id": "2536ba76",
                                            "settings": {
                                                "title": "Newsletter",
                                                "header_size": "div",
                                                "__globals__": {
                                                    "title_color": "globals\/colors?id=308e809",
                                                    "typography_typography": "globals\/typography?id=7044a64"
                                                },
                                                "align_mobile": "center",
                                                "pa_condition_repeater": [
                                                    {
                                                        "_id": "454dbba"
                                                    }
                                                ]
                                            },
                                            "elements": [],
                                            "isInner": false,
                                            "widgetType": "heading",
                                            "elType": "widget"
                                        },
                                        {
                                            "id": "68b810f4",
                                            "settings": {
                                                "form_name": "New Form",
                                                "form_fields": [
                                                    {
                                                        "custom_id": "name",
                                                        "field_label": "Name",
                                                        "placeholder": "First Name",
                                                        "_id": "dbabb16"
                                                    },
                                                    {
                                                        "custom_id": "email",
                                                        "required": "true",
                                                        "field_label": "Name",
                                                        "placeholder": "Last Name",
                                                        "_id": "7d5ce5e"
                                                    },
                                                    {
                                                        "custom_id": "message",
                                                        "field_type": "email",
                                                        "field_label": "Email",
                                                        "placeholder": "Email Address",
                                                        "_id": "76f769a"
                                                    }
                                                ],
                                                "show_labels": "",
                                                "step_next_label": "Next",
                                                "step_previous_label": "Previous",
                                                "button_text": "Subscribe",
                                                "selected_button_icon": {
                                                    "value": "icon icon-envelope",
                                                    "library": "ekiticons"
                                                },
                                                "email_content": "[all-fields]",
                                                "email_content_2": "[all-fields]",
                                                "success_message": "The form was sent successfully.",
                                                "error_message": "An error occurred.",
                                                "required_field_message": "This field is required.",
                                                "invalid_message": "There's something wrong. The form is invalid.",
                                                "field_text_color": "#EDF1FC",
                                                "field_typography_typography": "custom",
                                                "field_typography_font_family": "Ubuntu",
                                                "field_typography_font_size": {
                                                    "unit": "px",
                                                    "size": 16,
                                                    "sizes": []
                                                },
                                                "field_typography_font_size_tablet": {
                                                    "unit": "px",
                                                    "size": 15,
                                                    "sizes": []
                                                },
                                                "field_typography_font_size_mobile": {
                                                    "unit": "px",
                                                    "size": 14,
                                                    "sizes": []
                                                },
                                                "field_typography_line_height": {
                                                    "unit": "em",
                                                    "size": 1.5,
                                                    "sizes": []
                                                },
                                                "field_background_color": "#FFFFFF00",
                                                "field_border_color": "#BBBBBB",
                                                "field_border_width": {
                                                    "unit": "px",
                                                    "top": "2",
                                                    "right": "2",
                                                    "bottom": "2",
                                                    "left": "2",
                                                    "isLinked": true
                                                },
                                                "__globals__": {
                                                    "field_text_color": "globals\/colors?id=308e809",
                                                    "field_typography_typography": "",
                                                    "field_border_color": "globals\/colors?id=91455cb",
                                                    "button_background_color": "globals\/colors?id=a185853",
                                                    "button_background_hover_color": "globals\/colors?id=text",
                                                    "button_hover_color": "globals\/colors?id=21edf11"
                                                },
                                                "input_size": "xs",
                                                "button_align_tablet": "stretch",
                                                "button_align_mobile": "stretch",
                                                "pa_condition_repeater": [
                                                    {
                                                        "_id": "3e03bdd"
                                                    }
                                                ]
                                            },
                                            "elements": [],
                                            "isInner": false,
                                            "widgetType": "form",
                                            "elType": "widget"
                                        }
                                    ],
                                    "isInner": true,
                                    "elType": "column"
                                }
                            ],
                            "isInner": true,
                            "elType": "section"
                        }
                    ],
                    "isInner": false,
                    "elType": "column"
                }
            ],
            "isInner": false,
            "elType": "section"
        },
        {
            "id": "3aaa4ac",
            "settings": {
                "structure": "20",
                "background_background": "classic",
                "padding": {
                    "unit": "em",
                    "top": "0",
                    "right": "5",
                    "bottom": "1",
                    "left": "5",
                    "isLinked": false
                },
                "__globals__": {
                    "background_color": "globals\/colors?id=21edf11"
                },
                "content_position": "middle",
                "padding_tablet": {
                    "unit": "em",
                    "top": "0",
                    "right": "2",
                    "bottom": "1",
                    "left": "2",
                    "isLinked": false
                },
                "padding_mobile": {
                    "unit": "em",
                    "top": "0",
                    "right": "1",
                    "bottom": "0",
                    "left": "1",
                    "isLinked": false
                },
                "pa_condition_repeater": [
                    {
                        "_id": "721a557"
                    }
                ]
            },
            "elements": [
                {
                    "id": "7b36ee2e",
                    "settings": {
                        "_column_size": 50,
                        "_inline_size": 70,
                        "padding": {
                            "unit": "em",
                            "top": "1",
                            "right": "1",
                            "bottom": "1",
                            "left": "1",
                            "isLinked": true
                        },
                        "_inline_size_tablet": 50,
                        "pa_condition_repeater": [
                            {
                                "_id": "ae9a3da"
                            }
                        ]
                    },
                    "elements": [
                        {
                            "id": "5d2aea24",
                            "settings": {
                                "title": "\u00a9 2021 TechiT is Proudly Powered by MoxCreative",
                                "header_size": "div",
                                "__globals__": {
                                    "title_color": "globals\/colors?id=91455cb",
                                    "typography_typography": "globals\/typography?id=112b6c4"
                                },
                                "align_mobile": "center",
                                "typography_typography": "custom",
                                "typography_font_family": "Heebo",
                                "typography_font_size": {
                                    "unit": "px",
                                    "size": 13,
                                    "sizes": []
                                },
                                "typography_font_size_tablet": {
                                    "unit": "px",
                                    "size": 12,
                                    "sizes": []
                                },
                                "typography_font_size_mobile": {
                                    "unit": "px",
                                    "size": 11,
                                    "sizes": []
                                },
                                "typography_font_weight": "300",
                                "typography_line_height": {
                                    "unit": "em",
                                    "size": "",
                                    "sizes": []
                                },
                                "pa_condition_repeater": [
                                    {
                                        "_id": "166c5f2"
                                    }
                                ]
                            },
                            "elements": [],
                            "isInner": false,
                            "widgetType": "heading",
                            "elType": "widget"
                        }
                    ],
                    "isInner": false,
                    "elType": "column"
                },
                {
                    "id": "47c59611",
                    "settings": {
                        "_column_size": 50,
                        "_inline_size": 29.768000000000000682121026329696178436279296875,
                        "padding": {
                            "unit": "em",
                            "top": "1",
                            "right": "1",
                            "bottom": "1",
                            "left": "1",
                            "isLinked": true
                        },
                        "_inline_size_tablet": 50,
                        "pa_condition_repeater": [
                            {
                                "_id": "68c416c"
                            }
                        ]
                    },
                    "elements": [
                        {
                            "id": "38097ae3",
                            "settings": {
                                "view": "inline",
                                "icon_list": [
                                    {
                                        "text": "Privacy Policy",
                                        "selected_icon": {
                                            "value": "",
                                            "library": ""
                                        },
                                        "_id": "36ab3e3",
                                        "link": {
                                            "url": "#",
                                            "is_external": "",
                                            "nofollow": "",
                                            "custom_attributes": ""
                                        }
                                    },
                                    {
                                        "text": "Cookie Policy",
                                        "selected_icon": {
                                            "value": "",
                                            "library": ""
                                        },
                                        "link": {
                                            "url": "#",
                                            "is_external": "",
                                            "nofollow": "",
                                            "custom_attributes": ""
                                        },
                                        "_id": "1dfdd99"
                                    },
                                    {
                                        "text": "Term of Use",
                                        "selected_icon": {
                                            "value": "",
                                            "library": ""
                                        },
                                        "link": {
                                            "url": "#",
                                            "is_external": "",
                                            "nofollow": "",
                                            "custom_attributes": ""
                                        },
                                        "_id": "9c5d8f6"
                                    }
                                ],
                                "icon_align": "right",
                                "__globals__": {
                                    "text_color": "globals\/colors?id=91455cb",
                                    "text_color_hover": "globals\/colors?id=308e809",
                                    "icon_typography_typography": "globals\/typography?id=112b6c4"
                                },
                                "icon_align_mobile": "center",
                                "pa_condition_repeater": [
                                    {
                                        "_id": "a625523"
                                    }
                                ]
                            },
                            "elements": [],
                            "isInner": false,
                            "widgetType": "icon-list",
                            "elType": "widget"
                        }
                    ],
                    "isInner": false,
                    "elType": "column"
                }
            ],
            "isInner": false,
            "elType": "section"
        }
    ]
}