{
    "version": "0.4",
    "title": "techit v1 &#8211; header",
    "type": "header",
    "metadata": {
        "template_type": "section-header",
        "include_in_zip": "1",
        "elementor_pro_required": "1",
        "elementor_library_type": "header",
        "elementor_pro_conditions": [
            "include\/general"
        ],
        "additional_template_information": [
            "This is a \"Header\" template for Elementor Pro.",
            "This template will display on: Entire Site."
        ],
        "wp_page_template": "default"
    },
    "content": [
        {
            "id": "c382318",
            "settings": {
                "structure": "40",
                "padding": {
                    "unit": "em",
                    "top": "0.5",
                    "right": "0",
                    "bottom": "0.5",
                    "left": "0",
                    "isLinked": false
                },
                "content_position": "middle",
                "border_width": {
                    "unit": "px",
                    "top": "0",
                    "right": "0",
                    "bottom": "1",
                    "left": "0",
                    "isLinked": false
                },
                "__globals__": {
                    "border_color": "",
                    "background_color": ""
                },
                "z_index": 10,
                "border_color": "#BBBBBBA6",
                "background_background": "classic",
                "background_color": "#FFFFFF",
                "box_shadow_box_shadow_type": "yes",
                "box_shadow_box_shadow": {
                    "horizontal": 0,
                    "vertical": 0,
                    "blur": 10,
                    "spread": 0,
                    "color": "rgba(0, 0, 0, 0.15)"
                },
                "padding_mobile": {
                    "unit": "em",
                    "top": "0",
                    "right": "0",
                    "bottom": "0",
                    "left": "0.5",
                    "isLinked": false
                },
                "pa_condition_repeater": [
                    {
                        "_id": "099feaa"
                    }
                ]
            },
            "elements": [
                {
                    "id": "5f5f0c33",
                    "settings": {
                        "_column_size": 25,
                        "_inline_size": 20,
                        "_inline_size_tablet": 25,
                        "background_background": "classic",
                        "border_width": {
                            "unit": "px",
                            "top": "0",
                            "right": "0",
                            "bottom": "0",
                            "left": "0",
                            "isLinked": true
                        },
                        "border_width_mobile": {
                            "unit": "px",
                            "top": "0",
                            "right": "0",
                            "bottom": "0",
                            "left": "0",
                            "isLinked": false
                        },
                        "_inline_size_mobile": 80,
                        "border_color": "#BBBBBBA6",
                        "__globals__": {
                            "border_color": ""
                        },
                        "padding_mobile": {
                            "unit": "em",
                            "top": "",
                            "right": "",
                            "bottom": "",
                            "left": "",
                            "isLinked": true
                        },
                        "pa_condition_repeater": [
                            {
                                "_id": "fb51fa7"
                            }
                        ]
                    },
                    "elements": [
                        {
                            "id": "542894d3",
                            "settings": {
                                "image": {
                                    "url": "https:\/\/show.moxcreative.com\/techit\/wp-content\/uploads\/sites\/19\/2021\/11\/Logo_5.png",
                                    "id": 242,
                                    "alt": "",
                                    "source": "library"
                                },
                                "image_size": "custom",
                                "image_custom_dimension": {
                                    "width": "",
                                    "height": "40"
                                },
                                "align_tablet": "center",
                                "link_to": "custom",
                                "link": {
                                    "url": "#",
                                    "is_external": "",
                                    "nofollow": "",
                                    "custom_attributes": ""
                                },
                                "align_mobile": "left",
                                "pa_condition_repeater": [
                                    {
                                        "_id": "72ba795"
                                    }
                                ]
                            },
                            "elements": [],
                            "isInner": false,
                            "widgetType": "image",
                            "elType": "widget"
                        }
                    ],
                    "isInner": false,
                    "elType": "column"
                },
                {
                    "id": "3d92f69d",
                    "settings": {
                        "_column_size": 25,
                        "_inline_size": 60,
                        "_inline_size_tablet": 55,
                        "_inline_size_mobile": 15,
                        "padding_mobile": {
                            "unit": "em",
                            "top": "",
                            "right": "",
                            "bottom": "",
                            "left": "",
                            "isLinked": true
                        },
                        "content_position_mobile": "center",
                        "padding": {
                            "unit": "em",
                            "top": "0",
                            "right": "1",
                            "bottom": "0",
                            "left": "1",
                            "isLinked": false
                        },
                        "pa_condition_repeater": [
                            {
                                "_id": "9d32a54"
                            }
                        ]
                    },
                    "elements": [
                        {
                            "id": "5b71216f",
                            "settings": {
                                "align_items": "right",
                                "pointer": "overline",
                                "animation_line": "slide",
                                "submenu_icon": {
                                    "value": "fas fa-angle-down",
                                    "library": "fa-solid"
                                },
                                "menu_typography_typography": "custom",
                                "menu_typography_font_family": "Ubuntu",
                                "menu_typography_font_size": {
                                    "unit": "px",
                                    "size": 16,
                                    "sizes": []
                                },
                                "menu_typography_font_size_tablet": {
                                    "unit": "px",
                                    "size": 15,
                                    "sizes": []
                                },
                                "menu_typography_font_size_mobile": {
                                    "unit": "px",
                                    "size": 14,
                                    "sizes": []
                                },
                                "menu_typography_font_weight": "500",
                                "menu_typography_line_height": {
                                    "unit": "em",
                                    "size": 1.5,
                                    "sizes": []
                                },
                                "color_menu_item": "#151515",
                                "color_menu_item_hover": "#37C878",
                                "pointer_color_menu_item_hover": "#37C878",
                                "padding_horizontal_menu_item": {
                                    "unit": "px",
                                    "size": 0,
                                    "sizes": []
                                },
                                "menu_space_between": {
                                    "unit": "px",
                                    "size": 30,
                                    "sizes": []
                                },
                                "color_dropdown_item": "#151515",
                                "background_color_dropdown_item": "#FFFFFF",
                                "color_dropdown_item_hover": "#FFFFFF",
                                "background_color_dropdown_item_hover": "#37C878",
                                "color_dropdown_item_active": "#FFFFFF",
                                "background_color_dropdown_item_active": "#37C878",
                                "dropdown_typography_typography": "custom",
                                "dropdown_typography_font_family": "Ubuntu",
                                "dropdown_typography_font_size": {
                                    "unit": "px",
                                    "size": 16,
                                    "sizes": []
                                },
                                "dropdown_typography_font_size_tablet": {
                                    "unit": "px",
                                    "size": 15,
                                    "sizes": []
                                },
                                "dropdown_typography_font_size_mobile": {
                                    "unit": "px",
                                    "size": 14,
                                    "sizes": []
                                },
                                "dropdown_typography_font_weight": "500",
                                "dropdown_border_radius": {
                                    "unit": "px",
                                    "top": "5",
                                    "right": "5",
                                    "bottom": "5",
                                    "left": "5",
                                    "isLinked": true
                                },
                                "dropdown_box_shadow_box_shadow_type": "yes",
                                "dropdown_box_shadow_box_shadow": {
                                    "horizontal": 0,
                                    "vertical": 5,
                                    "blur": 10,
                                    "spread": 0,
                                    "color": "rgba(0, 0, 0, 0.15)"
                                },
                                "dropdown_divider_border": "solid",
                                "dropdown_divider_color": "#EDF1FC",
                                "dropdown_divider_width": {
                                    "unit": "px",
                                    "size": 1,
                                    "sizes": []
                                },
                                "pa_condition_repeater": [
                                    {
                                        "_id": "f74ec1a"
                                    }
                                ],
                                "__globals__": {
                                    "menu_typography_typography": "",
                                    "color_menu_item": "globals\/colors?id=21edf11",
                                    "pointer_color_menu_item_hover": "globals\/colors?id=a185853",
                                    "color_menu_item_hover": "globals\/colors?id=a185853",
                                    "dropdown_typography_typography": "",
                                    "color_dropdown_item": "globals\/colors?id=21edf11",
                                    "background_color_dropdown_item": "globals\/colors?id=a291686",
                                    "color_dropdown_item_hover": "globals\/colors?id=a291686",
                                    "background_color_dropdown_item_hover": "globals\/colors?id=a185853",
                                    "color_dropdown_item_active": "globals\/colors?id=a291686",
                                    "background_color_dropdown_item_active": "globals\/colors?id=a185853",
                                    "dropdown_divider_color": "globals\/colors?id=308e809",
                                    "toggle_color": "globals\/colors?id=21edf11",
                                    "toggle_color_hover": "globals\/colors?id=21edf11"
                                },
                                "dropdown_typography_line_height": {
                                    "unit": "em",
                                    "size": 1.5,
                                    "sizes": []
                                },
                                "dropdown_typography_line_height_tablet": {
                                    "unit": "em",
                                    "size": "",
                                    "sizes": []
                                },
                                "dropdown_typography_line_height_mobile": {
                                    "unit": "em",
                                    "size": "",
                                    "sizes": []
                                },
                                "padding_horizontal_dropdown_item": {
                                    "unit": "px",
                                    "size": 30,
                                    "sizes": []
                                },
                                "full_width": "stretch",
                                "toggle_align": "right",
                                "toggle_background_color": "#02010100",
                                "toggle_background_color_hover": "#02010100",
                                "toggle_size_tablet": {
                                    "unit": "px",
                                    "size": 30,
                                    "sizes": []
                                }
                            },
                            "elements": [],
                            "isInner": false,
                            "widgetType": "nav-menu",
                            "elType": "widget"
                        }
                    ],
                    "isInner": false,
                    "elType": "column"
                },
                {
                    "id": "1710418f",
                    "settings": {
                        "_column_size": 25,
                        "_inline_size": 5,
                        "_inline_size_mobile": 13,
                        "_inline_size_tablet": 5,
                        "padding_mobile": {
                            "unit": "em",
                            "top": "0.5",
                            "right": "0.5",
                            "bottom": "0.5",
                            "left": "0.5",
                            "isLinked": true
                        },
                        "hide_tablet": "hidden-tablet",
                        "hide_mobile": "hidden-mobile",
                        "pa_condition_repeater": [
                            {
                                "_id": "f9f552a"
                            }
                        ]
                    },
                    "elements": [
                        {
                            "id": "74ad200d",
                            "settings": {
                                "skin": "dropbar",
                                "search_query": "post",
                                "placeholder": "Search...",
                                "search_icon_flip": "yes",
                                "search_align": "left",
                                "dropbar_position": "left-center",
                                "dropbar_offset": {
                                    "unit": "px",
                                    "size": 10,
                                    "sizes": []
                                },
                                "search_width": {
                                    "unit": "px",
                                    "size": 550,
                                    "sizes": []
                                },
                                "button_text": "Submit",
                                "toggle_icon_size": {
                                    "unit": "px",
                                    "size": 20,
                                    "sizes": []
                                },
                                "search_container_background": "#FFFFFF",
                                "search_container_padding": {
                                    "unit": "px",
                                    "top": "5",
                                    "right": "5",
                                    "bottom": "5",
                                    "left": "300",
                                    "isLinked": false
                                },
                                "input_typography_typography": "custom",
                                "input_typography_font_family": "Heebo",
                                "input_typography_font_size": {
                                    "unit": "px",
                                    "size": 16,
                                    "sizes": []
                                },
                                "input_typography_font_size_tablet": {
                                    "unit": "px",
                                    "size": 15,
                                    "sizes": []
                                },
                                "input_typography_font_size_mobile": {
                                    "unit": "px",
                                    "size": 14,
                                    "sizes": []
                                },
                                "input_typography_line_height": {
                                    "unit": "em",
                                    "size": 1.5,
                                    "sizes": []
                                },
                                "input_background_color": "#FFFFFF",
                                "__globals__": {
                                    "search_container_background": "globals\/colors?id=a291686",
                                    "input_background_color": "globals\/colors?id=a291686",
                                    "input_typography_typography": "",
                                    "toggle_icon_color": "globals\/colors?id=21edf11"
                                },
                                "search_align_mobile": "right",
                                "search_width_tablet": {
                                    "unit": "px",
                                    "size": 250,
                                    "sizes": []
                                },
                                "search_width_mobile": {
                                    "unit": "px",
                                    "size": 150,
                                    "sizes": []
                                },
                                "toggle_icon_padding": {
                                    "unit": "px",
                                    "top": "5",
                                    "right": "5",
                                    "bottom": "5",
                                    "left": "5",
                                    "isLinked": true
                                },
                                "toggle_icon_padding_mobile": {
                                    "unit": "px",
                                    "top": "5",
                                    "right": "5",
                                    "bottom": "5",
                                    "left": "5",
                                    "isLinked": true
                                },
                                "search_container_padding_tablet": {
                                    "unit": "px",
                                    "top": "5",
                                    "right": "5",
                                    "bottom": "5",
                                    "left": "100",
                                    "isLinked": false
                                },
                                "search_container_padding_mobile": {
                                    "unit": "px",
                                    "top": "0",
                                    "right": "0",
                                    "bottom": "0",
                                    "left": "20",
                                    "isLinked": false
                                },
                                "pa_condition_repeater": [
                                    {
                                        "_id": "3190d6d"
                                    }
                                ]
                            },
                            "elements": [],
                            "isInner": false,
                            "widgetType": "bdt-search",
                            "elType": "widget"
                        }
                    ],
                    "isInner": false,
                    "elType": "column"
                },
                {
                    "id": "6f4f9710",
                    "settings": {
                        "_column_size": 25,
                        "_inline_size": 15,
                        "_inline_size_tablet": 20,
                        "_inline_size_mobile": 32,
                        "padding_mobile": {
                            "unit": "em",
                            "top": "0.5",
                            "right": "0.5",
                            "bottom": "0.5",
                            "left": "0.5",
                            "isLinked": true
                        },
                        "hide_mobile": "hidden-mobile",
                        "pa_condition_repeater": [
                            {
                                "_id": "021fdd4"
                            }
                        ]
                    },
                    "elements": [
                        {
                            "id": "7d7f7aa4",
                            "settings": {
                                "text": "Tech Support",
                                "align": "left",
                                "__globals__": {
                                    "background_color": "globals\/colors?id=a185853",
                                    "button_text_color": "globals\/colors?id=a291686",
                                    "button_background_hover_color": "globals\/colors?id=91455cb",
                                    "hover_color": "globals\/colors?id=21edf11"
                                },
                                "align_mobile": "right",
                                "text_padding_tablet": {
                                    "unit": "px",
                                    "top": "10",
                                    "right": "15",
                                    "bottom": "10",
                                    "left": "15",
                                    "isLinked": false
                                },
                                "typography_typography": "custom",
                                "typography_font_size_mobile": {
                                    "unit": "px",
                                    "size": 12,
                                    "sizes": []
                                },
                                "text_padding_mobile": {
                                    "unit": "px",
                                    "top": "10",
                                    "right": "10",
                                    "bottom": "10",
                                    "left": "10",
                                    "isLinked": false
                                },
                                "pa_condition_repeater": [
                                    {
                                        "_id": "5c98172"
                                    }
                                ]
                            },
                            "elements": [],
                            "isInner": false,
                            "widgetType": "button",
                            "elType": "widget"
                        }
                    ],
                    "isInner": false,
                    "elType": "column"
                }
            ],
            "isInner": false,
            "elType": "section"
        }
    ]
}